id,名称,缩写,层级
110000,北京市,BJS,1
110100,市辖区,SXQ,2
110101,东城区,DCQ,3
110102,西城区,XCQ,3
110105,朝阳区,ZYQ,3
110106,丰台区,FTQ,3
110107,石景山区,SJSQ,3
110108,海淀区,HDQ,3
110109,门头沟区,MTGQ,3
110111,房山区,FSQ,3
110112,通州区,TZQ,3
110113,顺义区,SYQ,3
110114,昌平区,CPQ,3
110115,大兴区,DXQ,3
110116,怀柔区,HRQ,3
110117,平谷区,PGQ,3
110200,县,X,2
110228,密云县,MYX,3
110229,延庆县,YQX,3
120000,天津市,TJS,1
120100,市辖区,SXQ,2
120101,和平区,HPQ,3
120102,河东区,HDQ,3
120103,河西区,HXQ,3
120104,南开区,NKQ,3
120105,河北区,HBQ,3
120106,红桥区,HQQ,3
120110,东丽区,DLQ,3
120111,西青区,XQQ,3
120112,津南区,JNQ,3
120113,北辰区,BCQ,3
120114,武清区,WQQ,3
120115,宝坻区,BCQ,3
120116,滨海新区,BHXQ,3
120117,宁河区,NHQ,3
120118,静海区,JHQ,3
120200,县,X,2
120225,蓟县,JX,3
130000,河北省,HBS,1
130100,石家庄市,SJZS,2
130101,市辖区,SXQ,3
130102,长安区,CAQ,3
130104,桥西区,QXQ,3
130105,新华区,XHQ,3
130107,井陉矿区,JXKQ,3
130108,裕华区,YHQ,3
130109,藁城区,GCQ,3
130110,鹿泉区,LQQ,3
130111,栾城区,LCQ,3
130121,井陉县,JXX,3
130123,正定县,ZDX,3
130125,行唐县,XTX,3
130126,灵寿县,LSX,3
130127,高邑县,GYX,3
130128,深泽县,SZX,3
130129,赞皇县,ZHX,3
130130,无极县,WJX,3
130131,平山县,PSX,3
130132,元氏县,YSX,3
130133,赵县,ZX,3
130183,晋州市,JZS,3
130184,新乐市,XLS,3
130200,唐山市,TSS,2
130201,市辖区,SXQ,3
130202,路南区,LNQ,3
130203,路北区,LBQ,3
130204,古冶区,GYQ,3
130205,开平区,KPQ,3
130207,丰南区,FNQ,3
130208,丰润区,FRQ,3
130209,曹妃甸区,CFDQ,3
130223,滦县,LX,3
130224,滦南县,LNX,3
130225,乐亭县,LTX,3
130227,迁西县,QXX,3
130229,玉田县,YTX,3
130281,遵化市,ZHS,3
130283,迁安市,QAS,3
130300,秦皇岛市,QHDS,2
130301,市辖区,SXQ,3
130302,海港区,HGQ,3
130303,山海关区,SHGQ,3
130304,北戴河区,BDHQ,3
130306,抚宁区,FNQ,3
130321,青龙满族自治县,QLMZZZX,3
130322,昌黎县,CLX,3
130324,卢龙县,LLX,3
130400,邯郸市,HDS,2
130401,市辖区,SXQ,3
130402,邯山区,HSQ,3
130403,丛台区,CTQ,3
130404,复兴区,FXQ,3
130406,峰峰矿区,FFKQ,3
130421,邯郸县,HDX,3
130423,临漳县,LZX,3
130424,成安县,CAX,3
130425,大名县,DMX,3
130426,涉县,SX,3
130427,磁县,CX,3
130428,肥乡县,FXX,3
130429,永年县,YNX,3
130430,邱县,QX,3
130431,鸡泽县,JZX,3
130432,广平县,GPX,3
130433,馆陶县,GTX,3
130434,魏县,WX,3
130435,曲周县,QZX,3
130481,武安市,WAS,3
130500,邢台市,XTS,2
130501,市辖区,SXQ,3
130502,桥东区,QDQ,3
130503,桥西区,QXQ,3
130521,邢台县,XTX,3
130522,临城县,LCX,3
130523,内丘县,NQX,3
130524,柏乡县,BXX,3
130525,隆尧县,LYX,3
130526,任县,RX,3
130527,南和县,NHX,3
130528,宁晋县,NJX,3
130529,巨鹿县,JLX,3
130530,新河县,XHX,3
130531,广宗县,GZX,3
130532,平乡县,PXX,3
130533,威县,WX,3
130534,清河县,QHX,3
130535,临西县,LXX,3
130581,南宫市,NGS,3
130582,沙河市,SHS,3
130600,保定市,BDS,2
130601,市辖区,SXQ,3
130602,竞秀区,JXQ,3
130606,莲池区,LCQ,3
130607,满城区,MCQ,3
130608,清苑区,QYQ,3
130609,徐水区,XSQ,3
130623,涞水县,LSX,3
130624,阜平县,FPX,3
130626,定兴县,DXX,3
130627,唐县,TX,3
130628,高阳县,GYX,3
130629,容城县,RCX,3
130630,涞源县,LYX,3
130631,望都县,WDX,3
130632,安新县,AXX,3
130633,易县,YX,3
130634,曲阳县,QYX,3
130635,蠡县,LX,3
130636,顺平县,SPX,3
130637,博野县,BYX,3
130638,雄县,XX,3
130681,涿州市,ZZS,3
130683,安国市,AGS,3
130684,高碑店市,GBDS,3
130700,张家口市,ZJKS,2
130701,市辖区,SXQ,3
130702,桥东区,QDQ,3
130703,桥西区,QXQ,3
130705,宣化区,XHQ,3
130706,下花园区,XHYQ,3
130721,宣化县,XHX,3
130722,张北县,ZBX,3
130723,康保县,KBX,3
130724,沽源县,GYX,3
130725,尚义县,SYX,3
130726,蔚县,WX,3
130727,阳原县,YYX,3
130728,怀安县,HAX,3
130729,万全县,WQX,3
130730,怀来县,HLX,3
130731,涿鹿县,ZLX,3
130732,赤城县,CCX,3
130733,崇礼县,CLX,3
130800,承德市,CDS,2
130801,市辖区,SXQ,3
130802,双桥区,SQQ,3
130803,双滦区,SLQ,3
130804,鹰手营子矿区,YSYZKQ,3
130821,承德县,CDX,3
130822,兴隆县,XLX,3
130823,平泉县,PQX,3
130824,滦平县,LPX,3
130825,隆化县,LHX,3
130826,丰宁满族自治县,FNMZZZX,3
130827,宽城满族自治县,KCMZZZX,3
130828,围场满族蒙古族自治县,WCMZMGZZZX,3
130900,沧州市,CZS,2
130901,市辖区,SXQ,3
130902,新华区,XHQ,3
130903,运河区,YHQ,3
130921,沧县,CX,3
130922,青县,QX,3
130923,东光县,DGX,3
130924,海兴县,HXX,3
130925,盐山县,YSX,3
130926,肃宁县,SNX,3
130927,南皮县,NPX,3
130928,吴桥县,WQX,3
130929,献县,XX,3
130930,孟村回族自治县,MCHZZZX,3
130981,泊头市,BTS,3
130982,任丘市,RQS,3
130983,黄骅市,HHS,3
130984,河间市,HJS,3
131000,廊坊市,LFS,2
131001,市辖区,SXQ,3
131002,安次区,ACQ,3
131003,广阳区,GYQ,3
131022,固安县,GAX,3
131023,永清县,YQX,3
131024,香河县,XHX,3
131025,大城县,DCX,3
131026,文安县,WAX,3
131028,大厂回族自治县,DCHZZZX,3
131081,霸州市,BZS,3
131082,三河市,SHS,3
131100,衡水市,HSS,2
131101,市辖区,SXQ,3
131102,桃城区,TCQ,3
131121,枣强县,ZQX,3
131122,武邑县,WYX,3
131123,武强县,WQX,3
131124,饶阳县,RYX,3
131125,安平县,APX,3
131126,故城县,GCX,3
131127,景县,JX,3
131128,阜城县,FCX,3
131181,冀州市,JZS,3
131182,深州市,SZS,3
139000,省直辖县级行政区划,SZXXJXZQH,2
139001,定州市,DZS,3
139002,辛集市,XJS,3
140000,山西省,SXS,1
140100,太原市,TYS,2
140101,市辖区,SXQ,3
140105,小店区,XDQ,3
140106,迎泽区,YZQ,3
140107,杏花岭区,XHLQ,3
140108,尖草坪区,JCPQ,3
140109,万柏林区,WBLQ,3
140110,晋源区,JYQ,3
140121,清徐县,QXX,3
140122,阳曲县,YQX,3
140123,娄烦县,LFX,3
140181,古交市,GJS,3
140200,大同市,DTS,2
140201,市辖区,SXQ,3
140202,城区,CQ,3
140203,矿区,KQ,3
140211,南郊区,NJQ,3
140212,新荣区,XRQ,3
140221,阳高县,YGX,3
140222,天镇县,TZX,3
140223,广灵县,GLX,3
140224,灵丘县,LQX,3
140225,浑源县,HYX,3
140226,左云县,ZYX,3
140227,大同县,DTX,3
140300,阳泉市,YQS,2
140301,市辖区,SXQ,3
140302,城区,CQ,3
140303,矿区,KQ,3
140311,郊区,JQ,3
140321,平定县,PDX,3
140322,盂县,YX,3
140400,长治市,CZS,2
140401,市辖区,SXQ,3
140402,城区,CQ,3
140411,郊区,JQ,3
140421,长治县,CZX,3
140423,襄垣县,XYX,3
140424,屯留县,TLX,3
140425,平顺县,PSX,3
140426,黎城县,LCX,3
140427,壶关县,HGX,3
140428,长子县,CZX,3
140429,武乡县,WXX,3
140430,沁县,QX,3
140431,沁源县,QYX,3
140481,潞城市,LCS,3
140500,晋城市,JCS,2
140501,市辖区,SXQ,3
140502,城区,CQ,3
140521,沁水县,QSX,3
140522,阳城县,YCX,3
140524,陵川县,LCX,3
140525,泽州县,ZZX,3
140581,高平市,GPS,3
140600,朔州市,SZS,2
140601,市辖区,SXQ,3
140602,朔城区,SCQ,3
140603,平鲁区,PLQ,3
140621,山阴县,SYX,3
140622,应县,YX,3
140623,右玉县,YYX,3
140624,怀仁县,HRX,3
140700,晋中市,JZS,2
140701,市辖区,SXQ,3
140702,榆次区,YCQ,3
140721,榆社县,YSX,3
140722,左权县,ZQX,3
140723,和顺县,HSX,3
140724,昔阳县,XYX,3
140725,寿阳县,SYX,3
140726,太谷县,TGX,3
140727,祁县,QX,3
140728,平遥县,PYX,3
140729,灵石县,LSX,3
140781,介休市,JXS,3
140800,运城市,YCS,2
140801,市辖区,SXQ,3
140802,盐湖区,YHQ,3
140821,临猗县,LYX,3
140822,万荣县,WRX,3
140823,闻喜县,WXX,3
140824,稷山县,JSX,3
140825,新绛县,XJX,3
140826,绛县,JX,3
140827,垣曲县,YQX,3
140828,夏县,XX,3
140829,平陆县,PLX,3
140830,芮城县,RCX,3
140881,永济市,YJS,3
140882,河津市,HJS,3
140900,忻州市,XZS,2
140901,市辖区,SXQ,3
140902,忻府区,XFQ,3
140921,定襄县,DXX,3
140922,五台县,WTX,3
140923,代县,DX,3
140924,繁峙县,FZX,3
140925,宁武县,NWX,3
140926,静乐县,JLX,3
140927,神池县,SCX,3
140928,五寨县,WZX,3
140929,岢岚县,KLX,3
140930,河曲县,HQX,3
140931,保德县,BDX,3
140932,偏关县,PGX,3
140981,原平市,YPS,3
141000,临汾市,LFS,2
141001,市辖区,SXQ,3
141002,尧都区,YDQ,3
141021,曲沃县,QWX,3
141022,翼城县,YCX,3
141023,襄汾县,XFX,3
141024,洪洞县,HDX,3
141025,古县,GX,3
141026,安泽县,AZX,3
141027,浮山县,FSX,3
141028,吉县,JX,3
141029,乡宁县,XNX,3
141030,大宁县,DNX,3
141031,隰县,XX,3
141032,永和县,YHX,3
141033,蒲县,PX,3
141034,汾西县,FXX,3
141081,侯马市,HMS,3
141082,霍州市,HZS,3
141100,吕梁市,LLS,2
141101,市辖区,SXQ,3
141102,离石区,LSQ,3
141121,文水县,WSX,3
141122,交城县,JCX,3
141123,兴县,XX,3
141124,临县,LX,3
141125,柳林县,LLX,3
141126,石楼县,SLX,3
141127,岚县,LX,3
141128,方山县,FSX,3
141129,中阳县,ZYX,3
141130,交口县,JKX,3
141181,孝义市,XYS,3
141182,汾阳市,FYS,3
150000,内蒙古自治区,NMGZZQ,1
150100,呼和浩特市,HHHTS,2
150101,市辖区,SXQ,3
150102,新城区,XCQ,3
150103,回民区,HMQ,3
150104,玉泉区,YQQ,3
150105,赛罕区,SHQ,3
150121,土默特左旗,TMTZQ,3
150122,托克托县,TKTX,3
150123,和林格尔县,HLGEX,3
150124,清水河县,QSHX,3
150125,武川县,WCX,3
150200,包头市,BTS,2
150201,市辖区,SXQ,3
150202,东河区,DHQ,3
150203,昆都仑区,KDLQ,3
150204,青山区,QSQ,3
150205,石拐区,SGQ,3
150206,白云鄂博矿区,BYEBKQ,3
150207,九原区,JYQ,3
150221,土默特右旗,TMTYQ,3
150222,固阳县,GYX,3
150223,达尔罕茂明安联合旗,DEHMMALHQ,3
150300,乌海市,WHS,2
150301,市辖区,SXQ,3
150302,海勃湾区,HBWQ,3
150303,海南区,HNQ,3
150304,乌达区,WDQ,3
150400,赤峰市,CFS,2
150401,市辖区,SXQ,3
150402,红山区,HSQ,3
150403,元宝山区,YBSQ,3
150404,松山区,SSQ,3
150421,阿鲁科尔沁旗,ALKEQQ,3
150422,巴林左旗,BLZQ,3
150423,巴林右旗,BLYQ,3
150424,林西县,LXX,3
150425,克什克腾旗,KSKTQ,3
150426,翁牛特旗,WNTQ,3
150428,喀喇沁旗,KLQQ,3
150429,宁城县,NCX,3
150430,敖汉旗,AHQ,3
150500,通辽市,TLS,2
150501,市辖区,SXQ,3
150502,科尔沁区,KEQQ,3
150521,科尔沁左翼中旗,KEQZYZQ,3
150522,科尔沁左翼后旗,KEQZYHQ,3
150523,开鲁县,KLX,3
150524,库伦旗,KLQ,3
150525,奈曼旗,NMQ,3
150526,扎鲁特旗,ZLTQ,3
150581,霍林郭勒市,HLGLS,3
150600,鄂尔多斯市,EEDSS,2
150601,市辖区,SXQ,3
150602,东胜区,DSQ,3
150621,达拉特旗,DLTQ,3
150622,准格尔旗,ZGEQ,3
150623,鄂托克前旗,ETKQQ,3
150624,鄂托克旗,ETKQ,3
150625,杭锦旗,HJQ,3
150626,乌审旗,WSQ,3
150627,伊金霍洛旗,YJHLQ,3
150700,呼伦贝尔市,HLBES,2
150701,市辖区,SXQ,3
150702,海拉尔区,HLEQ,3
150703,扎赉诺尔区,ZLNEQ,3
150721,阿荣旗,ARQ,3
150722,莫力达瓦达斡尔族自治旗,MLDWDWEZZZQ,3
150723,鄂伦春自治旗,ELCZZQ,3
150724,鄂温克族自治旗,EWKZZZQ,3
150725,陈巴尔虎旗,CBEHQ,3
150726,新巴尔虎左旗,XBEHZQ,3
150727,新巴尔虎右旗,XBEHYQ,3
150781,满洲里市,MZLS,3
150782,牙克石市,YKSS,3
150783,扎兰屯市,ZLTS,3
150784,额尔古纳市,EEGNS,3
150785,根河市,GHS,3
150800,巴彦淖尔市,BYNES,2
150801,市辖区,SXQ,3
150802,临河区,LHQ,3
150821,五原县,WYX,3
150822,磴口县,DKX,3
150823,乌拉特前旗,WLTQQ,3
150824,乌拉特中旗,WLTZQ,3
150825,乌拉特后旗,WLTHQ,3
150826,杭锦后旗,HJHQ,3
150900,乌兰察布市,WLCBS,2
150901,市辖区,SXQ,3
150902,集宁区,JNQ,3
150921,卓资县,ZZX,3
150922,化德县,HDX,3
150923,商都县,SDX,3
150924,兴和县,XHX,3
150925,凉城县,LCX,3
150926,察哈尔右翼前旗,CHEYYQQ,3
150927,察哈尔右翼中旗,CHEYYZQ,3
150928,察哈尔右翼后旗,CHEYYHQ,3
150929,四子王旗,SZWQ,3
150981,丰镇市,FZS,3
152200,兴安盟,XAM,2
152201,乌兰浩特市,WLHTS,3
152202,阿尔山市,AESS,3
152221,科尔沁右翼前旗,KEQYYQQ,3
152222,科尔沁右翼中旗,KEQYYZQ,3
152223,扎赉特旗,ZLTQ,3
152224,突泉县,TQX,3
152500,锡林郭勒盟,XLGLM,2
152501,二连浩特市,ELHTS,3
152502,锡林浩特市,XLHTS,3
152522,阿巴嘎旗,ABGQ,3
152523,苏尼特左旗,SNTZQ,3
152524,苏尼特右旗,SNTYQ,3
152525,东乌珠穆沁旗,DWZMQQ,3
152526,西乌珠穆沁旗,XWZMQQ,3
152527,太仆寺旗,TPSQ,3
152528,镶黄旗,XHQ,3
152529,正镶白旗,ZXBQ,3
152530,正蓝旗,ZLQ,3
152531,多伦县,DLX,3
152900,阿拉善盟,ALSM,2
152921,阿拉善左旗,ALSZQ,3
152922,阿拉善右旗,ALSYQ,3
152923,额济纳旗,EJNQ,3
210000,辽宁省,LNS,1
210100,沈阳市,SYS,2
210101,市辖区,SXQ,3
210102,和平区,HPQ,3
210103,沈河区,SHQ,3
210104,大东区,DDQ,3
210105,皇姑区,HGQ,3
210106,铁西区,TXQ,3
210111,苏家屯区,SJTQ,3
210112,浑南区,HNQ,3
210113,沈北新区,SBXQ,3
210114,于洪区,YHQ,3
210122,辽中县,LZX,3
210123,康平县,KPX,3
210124,法库县,FKX,3
210181,新民市,XMS,3
210200,大连市,DLS,2
210201,市辖区,SXQ,3
210202,中山区,ZSQ,3
210203,西岗区,XGQ,3
210204,沙河口区,SHKQ,3
210211,甘井子区,GJZQ,3
210212,旅顺口区,LSKQ,3
210213,金州区,JZQ,3
210224,长海县,CHX,3
210281,瓦房店市,WFDS,3
210282,普兰店市,PLDS,3
210283,庄河市,ZHS,3
210300,鞍山市,ASS,2
210301,市辖区,SXQ,3
210302,铁东区,TDQ,3
210303,铁西区,TXQ,3
210304,立山区,LSQ,3
210311,千山区,QSQ,3
210321,台安县,TAX,3
210323,岫岩满族自治县,XYMZZZX,3
210381,海城市,HCS,3
210400,抚顺市,FSS,2
210401,市辖区,SXQ,3
210402,新抚区,XFQ,3
210403,东洲区,DZQ,3
210404,望花区,WHQ,3
210411,顺城区,SCQ,3
210421,抚顺县,FSX,3
210422,新宾满族自治县,XBMZZZX,3
210423,清原满族自治县,QYMZZZX,3
210500,本溪市,BXS,2
210501,市辖区,SXQ,3
210502,平山区,PSQ,3
210503,溪湖区,XHQ,3
210504,明山区,MSQ,3
210505,南芬区,NFQ,3
210521,本溪满族自治县,BXMZZZX,3
210522,桓仁满族自治县,HRMZZZX,3
210600,丹东市,DDS,2
210601,市辖区,SXQ,3
210602,元宝区,YBQ,3
210603,振兴区,ZXQ,3
210604,振安区,ZAQ,3
210624,宽甸满族自治县,KDMZZZX,3
210681,东港市,DGS,3
210682,凤城市,FCS,3
210700,锦州市,JZS,2
210701,市辖区,SXQ,3
210702,古塔区,GTQ,3
210703,凌河区,LHQ,3
210711,太和区,THQ,3
210726,黑山县,HSX,3
210727,义县,YX,3
210781,凌海市,LHS,3
210782,北镇市,BZS,3
210800,营口市,YKS,2
210801,市辖区,SXQ,3
210802,站前区,ZQQ,3
210803,西市区,XSQ,3
210804,鲅鱼圈区,BYQQ,3
210811,老边区,LBQ,3
210881,盖州市,GZS,3
210882,大石桥市,DSQS,3
210900,阜新市,FXS,2
210901,市辖区,SXQ,3
210902,海州区,HZQ,3
210903,新邱区,XQQ,3
210904,太平区,TPQ,3
210905,清河门区,QHMQ,3
210911,细河区,XHQ,3
210921,阜新蒙古族自治县,FXMGZZZX,3
210922,彰武县,ZWX,3
211000,辽阳市,LYS,2
211001,市辖区,SXQ,3
211002,白塔区,BTQ,3
211003,文圣区,WSQ,3
211004,宏伟区,HWQ,3
211005,弓长岭区,GCLQ,3
211011,太子河区,TZHQ,3
211021,辽阳县,LYX,3
211081,灯塔市,DTS,3
211100,盘锦市,PJS,2
211101,市辖区,SXQ,3
211102,双台子区,STZQ,3
211103,兴隆台区,XLTQ,3
211121,大洼县,DWX,3
211122,盘山县,PSX,3
211200,铁岭市,TLS,2
211201,市辖区,SXQ,3
211202,银州区,YZQ,3
211204,清河区,QHQ,3
211221,铁岭县,TLX,3
211223,西丰县,XFX,3
211224,昌图县,CTX,3
211281,调兵山市,DBSS,3
211282,开原市,KYS,3
211300,朝阳市,ZYS,2
211301,市辖区,SXQ,3
211302,双塔区,STQ,3
211303,龙城区,LCQ,3
211321,朝阳县,ZYX,3
211322,建平县,JPX,3
211324,喀喇沁左翼蒙古族自治县,KLQZYMGZZZX,3
211381,北票市,BPS,3
211382,凌源市,LYS,3
211400,葫芦岛市,HLDS,2
211401,市辖区,SXQ,3
211402,连山区,LSQ,3
211403,龙港区,LGQ,3
211404,南票区,NPQ,3
211421,绥中县,SZX,3
211422,建昌县,JCX,3
211481,兴城市,XCS,3
220000,吉林省,JLS,1
220100,长春市,CCS,2
220101,市辖区,SXQ,3
220102,南关区,NGQ,3
220103,宽城区,KCQ,3
220104,朝阳区,ZYQ,3
220105,二道区,EDQ,3
220106,绿园区,LYQ,3
220112,双阳区,SYQ,3
220113,九台区,JTQ,3
220122,农安县,NAX,3
220182,榆树市,YSS,3
220183,德惠市,DHS,3
220200,吉林市,JLS,2
220201,市辖区,SXQ,3
220202,昌邑区,CYQ,3
220203,龙潭区,LTQ,3
220204,船营区,CYQ,3
220211,丰满区,FMQ,3
220221,永吉县,YJX,3
220281,蛟河市,JHS,3
220282,桦甸市,HDS,3
220283,舒兰市,SLS,3
220284,磐石市,PSS,3
220300,四平市,SPS,2
220301,市辖区,SXQ,3
220302,铁西区,TXQ,3
220303,铁东区,TDQ,3
220322,梨树县,LSX,3
220323,伊通满族自治县,YTMZZZX,3
220381,公主岭市,GZLS,3
220382,双辽市,SLS,3
220400,辽源市,LYS,2
220401,市辖区,SXQ,3
220402,龙山区,LSQ,3
220403,西安区,XAQ,3
220421,东丰县,DFX,3
220422,东辽县,DLX,3
220500,通化市,THS,2
220501,市辖区,SXQ,3
220502,东昌区,DCQ,3
220503,二道江区,EDJQ,3
220521,通化县,THX,3
220523,辉南县,HNX,3
220524,柳河县,LHX,3
220581,梅河口市,MHKS,3
220582,集安市,JAS,3
220600,白山市,BSS,2
220601,市辖区,SXQ,3
220602,浑江区,HJQ,3
220605,江源区,JYQ,3
220621,抚松县,FSX,3
220622,靖宇县,JYX,3
220623,长白朝鲜族自治县,CBZXZZZX,3
220681,临江市,LJS,3
220700,松原市,SYS,2
220701,市辖区,SXQ,3
220702,宁江区,NJQ,3
220721,前郭尔罗斯蒙古族自治县,QGELSMGZZZX,3
220722,长岭县,CLX,3
220723,乾安县,GAX,3
220781,扶余市,FYS,3
220800,白城市,BCS,2
220801,市辖区,SXQ,3
220802,洮北区,TBQ,3
220821,镇赉县,ZLX,3
220822,通榆县,TYX,3
220881,洮南市,TNS,3
220882,大安市,DAS,3
222400,延边朝鲜族自治州,YBZXZZZZ,2
222401,延吉市,YJS,3
222402,图们市,TMS,3
222403,敦化市,DHS,3
222404,珲春市,HCS,3
222405,龙井市,LJS,3
222406,和龙市,HLS,3
222424,汪清县,WQX,3
222426,安图县,ATX,3
230000,黑龙江省,HLJS,1
230100,哈尔滨市,HEBS,2
230101,市辖区,SXQ,3
230102,道里区,DLQ,3
230103,南岗区,NGQ,3
230104,道外区,DWQ,3
230108,平房区,PFQ,3
230109,松北区,SBQ,3
230110,香坊区,XFQ,3
230111,呼兰区,HLQ,3
230112,阿城区,ACQ,3
230113,双城区,SCQ,3
230123,依兰县,YLX,3
230124,方正县,FZX,3
230125,宾县,BX,3
230126,巴彦县,BYX,3
230127,木兰县,MLX,3
230128,通河县,THX,3
230129,延寿县,YSX,3
230183,尚志市,SZS,3
230184,五常市,WCS,3
230200,齐齐哈尔市,QQHES,2
230201,市辖区,SXQ,3
230202,龙沙区,LSQ,3
230203,建华区,JHQ,3
230204,铁锋区,TFQ,3
230205,昂昂溪区,AAXQ,3
230206,富拉尔基区,FLEJQ,3
230207,碾子山区,NZSQ,3
230208,梅里斯达斡尔族区,MLSDWEZQ,3
230221,龙江县,LJX,3
230223,依安县,YAX,3
230224,泰来县,TLX,3
230225,甘南县,GNX,3
230227,富裕县,FYX,3
230229,克山县,KSX,3
230230,克东县,KDX,3
230231,拜泉县,BQX,3
230281,讷河市,NHS,3
230300,鸡西市,JXS,2
230301,市辖区,SXQ,3
230302,鸡冠区,JGQ,3
230303,恒山区,HSQ,3
230304,滴道区,DDQ,3
230305,梨树区,LSQ,3
230306,城子河区,CZHQ,3
230307,麻山区,MSQ,3
230321,鸡东县,JDX,3
230381,虎林市,HLS,3
230382,密山市,MSS,3
230400,鹤岗市,HGS,2
230401,市辖区,SXQ,3
230402,向阳区,XYQ,3
230403,工农区,GNQ,3
230404,南山区,NSQ,3
230405,兴安区,XAQ,3
230406,东山区,DSQ,3
230407,兴山区,XSQ,3
230421,萝北县,LBX,3
230422,绥滨县,SBX,3
230500,双鸭山市,SYSS,2
230501,市辖区,SXQ,3
230502,尖山区,JSQ,3
230503,岭东区,LDQ,3
230505,四方台区,SFTQ,3
230506,宝山区,BSQ,3
230521,集贤县,JXX,3
230522,友谊县,YYX,3
230523,宝清县,BQX,3
230524,饶河县,RHX,3
230600,大庆市,DQS,2
230601,市辖区,SXQ,3
230602,萨尔图区,SETQ,3
230603,龙凤区,LFQ,3
230604,让胡路区,RHLQ,3
230605,红岗区,HGQ,3
230606,大同区,DTQ,3
230621,肇州县,ZZX,3
230622,肇源县,ZYX,3
230623,林甸县,LDX,3
230624,杜尔伯特蒙古族自治县,DEBTMGZZZX,3
230700,伊春市,YCS,2
230701,市辖区,SXQ,3
230702,伊春区,YCQ,3
230703,南岔区,NCQ,3
230704,友好区,YHQ,3
230705,西林区,XLQ,3
230706,翠峦区,CLQ,3
230707,新青区,XQQ,3
230708,美溪区,MXQ,3
230709,金山屯区,JSTQ,3
230710,五营区,WYQ,3
230711,乌马河区,WMHQ,3
230712,汤旺河区,TWHQ,3
230713,带岭区,DLQ,3
230714,乌伊岭区,WYLQ,3
230715,红星区,HXQ,3
230716,上甘岭区,SGLQ,3
230722,嘉荫县,JYX,3
230781,铁力市,TLS,3
230800,佳木斯市,JMSS,2
230801,市辖区,SXQ,3
230803,向阳区,XYQ,3
230804,前进区,QJQ,3
230805,东风区,DFQ,3
230811,郊区,JQ,3
230822,桦南县,HNX,3
230826,桦川县,HCX,3
230828,汤原县,TYX,3
230833,抚远县,FYX,3
230881,同江市,TJS,3
230882,富锦市,FJS,3
230900,七台河市,QTHS,2
230901,市辖区,SXQ,3
230902,新兴区,XXQ,3
230903,桃山区,TSQ,3
230904,茄子河区,QZHQ,3
230921,勃利县,BLX,3
231000,牡丹江市,MDJS,2
231001,市辖区,SXQ,3
231002,东安区,DAQ,3
231003,阳明区,YMQ,3
231004,爱民区,AMQ,3
231005,西安区,XAQ,3
231024,东宁县,DNX,3
231025,林口县,LKX,3
231081,绥芬河市,SFHS,3
231083,海林市,HLS,3
231084,宁安市,NAS,3
231085,穆棱市,MLS,3
231100,黑河市,HHS,2
231101,市辖区,SXQ,3
231102,爱辉区,AHQ,3
231121,嫩江县,NJX,3
231123,逊克县,XKX,3
231124,孙吴县,SWX,3
231181,北安市,BAS,3
231182,五大连池市,WDLCS,3
231200,绥化市,SHS,2
231201,市辖区,SXQ,3
231202,北林区,BLQ,3
231221,望奎县,WKX,3
231222,兰西县,LXX,3
231223,青冈县,QGX,3
231224,庆安县,QAX,3
231225,明水县,MSX,3
231226,绥棱县,SLX,3
231281,安达市,ADS,3
231282,肇东市,ZDS,3
231283,海伦市,HLS,3
232700,大兴安岭地区,DXALDQ,2
232721,呼玛县,HMX,3
232722,塔河县,THX,3
232723,漠河县,MHX,3
310000,上海市,SHS,1
310100,市辖区,SXQ,2
310101,黄浦区,HPQ,3
310104,徐汇区,XHQ,3
310105,长宁区,CNQ,3
310106,静安区,JAQ,3
310107,普陀区,PTQ,3
310108,闸北区,ZBQ,3
310109,虹口区,HKQ,3
310110,杨浦区,YPQ,3
310112,闵行区,MXQ,3
310113,宝山区,BSQ,3
310114,嘉定区,JDQ,3
310115,浦东新区,PDXQ,3
310116,金山区,JSQ,3
310117,松江区,SJQ,3
310118,青浦区,QPQ,3
310120,奉贤区,FXQ,3
310200,县,X,2
310230,崇明县,CMX,3
320000,江苏省,JSS,1
320100,南京市,NJS,2
320101,市辖区,SXQ,3
320102,玄武区,XWQ,3
320104,秦淮区,QHQ,3
320105,建邺区,JYQ,3
320106,鼓楼区,GLQ,3
320111,浦口区,PKQ,3
320113,栖霞区,QXQ,3
320114,雨花台区,YHTQ,3
320115,江宁区,JNQ,3
320116,六合区,LHQ,3
320117,溧水区,LSQ,3
320118,高淳区,GCQ,3
320200,无锡市,WXS,2
320201,市辖区,SXQ,3
320202,崇安区,CAQ,3
320203,南长区,NCQ,3
320204,北塘区,BTQ,3
320205,锡山区,XSQ,3
320206,惠山区,HSQ,3
320211,滨湖区,BHQ,3
320281,江阴市,JYS,3
320282,宜兴市,YXS,3
320300,徐州市,XZS,2
320301,市辖区,SXQ,3
320302,鼓楼区,GLQ,3
320303,云龙区,YLQ,3
320305,贾汪区,JWQ,3
320311,泉山区,QSQ,3
320312,铜山区,TSQ,3
320321,丰县,FX,3
320322,沛县,PX,3
320324,睢宁县,SNX,3
320381,新沂市,XYS,3
320382,邳州市,PZS,3
320400,常州市,CZS,2
320401,市辖区,SXQ,3
320402,天宁区,TNQ,3
320404,钟楼区,ZLQ,3
320411,新北区,XBQ,3
320412,武进区,WJQ,3
320413,金坛区,JTQ,3
320481,溧阳市,LYS,3
320500,苏州市,SZS,2
320501,市辖区,SXQ,3
320505,虎丘区,HQQ,3
320506,吴中区,WZQ,3
320507,相城区,XCQ,3
320508,姑苏区,GSQ,3
320509,吴江区,WJQ,3
320581,常熟市,CSS,3
320582,张家港市,ZJGS,3
320583,昆山市,KSS,3
320585,太仓市,TCS,3
320600,南通市,NTS,2
320601,市辖区,SXQ,3
320602,崇川区,CCQ,3
320611,港闸区,GZQ,3
320612,通州区,TZQ,3
320621,海安县,HAX,3
320623,如东县,RDX,3
320681,启东市,QDS,3
320682,如皋市,RGS,3
320684,海门市,HMS,3
320700,连云港市,LYGS,2
320701,市辖区,SXQ,3
320703,连云区,LYQ,3
320706,海州区,HZQ,3
320707,赣榆区,GYQ,3
320722,东海县,DHX,3
320723,灌云县,GYX,3
320724,灌南县,GNX,3
320800,淮安市,HAS,2
320801,市辖区,SXQ,3
320802,清河区,QHQ,3
320803,淮安区,HAQ,3
320804,淮阴区,HYQ,3
320811,清浦区,QPQ,3
320826,涟水县,LSX,3
320829,洪泽县,HZX,3
320830,盱眙县,XYX,3
320831,金湖县,JHX,3
320900,盐城市,YCS,2
320901,市辖区,SXQ,3
320902,亭湖区,THQ,3
320903,盐都区,YDQ,3
320904,大丰区,DFQ,3
320921,响水县,XSX,3
320922,滨海县,BHX,3
320923,阜宁县,FNX,3
320924,射阳县,SYX,3
320925,建湖县,JHX,3
320981,东台市,DTS,3
321000,扬州市,YZS,2
321001,市辖区,SXQ,3
321002,广陵区,GLQ,3
321003,邗江区,HJQ,3
321012,江都区,JDQ,3
321023,宝应县,BYX,3
321081,仪征市,YZS,3
321084,高邮市,GYS,3
321100,镇江市,ZJS,2
321101,市辖区,SXQ,3
321102,京口区,JKQ,3
321111,润州区,RZQ,3
321112,丹徒区,DTQ,3
321181,丹阳市,DYS,3
321182,扬中市,YZS,3
321183,句容市,JRS,3
321200,泰州市,TZS,2
321201,市辖区,SXQ,3
321202,海陵区,HLQ,3
321203,高港区,GGQ,3
321204,姜堰区,JYQ,3
321281,兴化市,XHS,3
321282,靖江市,JJS,3
321283,泰兴市,TXS,3
321300,宿迁市,SQS,2
321301,市辖区,SXQ,3
321302,宿城区,SCQ,3
321311,宿豫区,SYQ,3
321322,沭阳县,SYX,3
321323,泗阳县,SYX,3
321324,泗洪县,SHX,3
330000,浙江省,ZJS,1
330100,杭州市,HZS,2
330101,市辖区,SXQ,3
330102,上城区,SCQ,3
330103,下城区,XCQ,3
330104,江干区,JGQ,3
330105,拱墅区,GSQ,3
330106,西湖区,XHQ,3
330108,滨江区,BJQ,3
330109,萧山区,XSQ,3
330110,余杭区,YHQ,3
330111,富阳区,FYQ,3
330122,桐庐县,TLX,3
330127,淳安县,CAX,3
330182,建德市,JDS,3
330185,临安市,LAS,3
330200,宁波市,NBS,2
330201,市辖区,SXQ,3
330203,海曙区,HSQ,3
330204,江东区,JDQ,3
330205,江北区,JBQ,3
330206,北仑区,BLQ,3
330211,镇海区,ZHQ,3
330212,鄞州区,YZQ,3
330225,象山县,XSX,3
330226,宁海县,NHX,3
330281,余姚市,YYS,3
330282,慈溪市,CXS,3
330283,奉化市,FHS,3
330300,温州市,WZS,2
330301,市辖区,SXQ,3
330302,鹿城区,LCQ,3
330303,龙湾区,LWQ,3
330304,瓯海区,OHQ,3
330305,洞头区,DTQ,3
330324,永嘉县,YJX,3
330326,平阳县,PYX,3
330327,苍南县,CNX,3
330328,文成县,WCX,3
330329,泰顺县,TSX,3
330381,瑞安市,RAS,3
330382,乐清市,LQS,3
330400,嘉兴市,JXS,2
330401,市辖区,SXQ,3
330402,南湖区,NHQ,3
330411,秀洲区,XZQ,3
330421,嘉善县,JSX,3
330424,海盐县,HYX,3
330481,海宁市,HNS,3
330482,平湖市,PHS,3
330483,桐乡市,TXS,3
330500,湖州市,HZS,2
330501,市辖区,SXQ,3
330502,吴兴区,WXQ,3
330503,南浔区,NXQ,3
330521,德清县,DQX,3
330522,长兴县,CXX,3
330523,安吉县,AJX,3
330600,绍兴市,SXS,2
330601,市辖区,SXQ,3
330602,越城区,YCQ,3
330603,柯桥区,KQQ,3
330604,上虞区,SYQ,3
330624,新昌县,XCX,3
330681,诸暨市,ZJS,3
330683,嵊州市,SZS,3
330700,金华市,JHS,2
330701,市辖区,SXQ,3
330702,婺城区,WCQ,3
330703,金东区,JDQ,3
330723,武义县,WYX,3
330726,浦江县,PJX,3
330727,磐安县,PAX,3
330781,兰溪市,LXS,3
330782,义乌市,YWS,3
330783,东阳市,DYS,3
330784,永康市,YKS,3
330800,衢州市,QZS,2
330801,市辖区,SXQ,3
330802,柯城区,KCQ,3
330803,衢江区,QJQ,3
330822,常山县,CSX,3
330824,开化县,KHX,3
330825,龙游县,LYX,3
330881,江山市,JSS,3
330900,舟山市,ZSS,2
330901,市辖区,SXQ,3
330902,定海区,DHQ,3
330903,普陀区,PTQ,3
330921,岱山县,DSX,3
330922,嵊泗县,SSX,3
331000,台州市,TZS,2
331001,市辖区,SXQ,3
331002,椒江区,JJQ,3
331003,黄岩区,HYQ,3
331004,路桥区,LQQ,3
331021,玉环县,YHX,3
331022,三门县,SMX,3
331023,天台县,TTX,3
331024,仙居县,XJX,3
331081,温岭市,WLS,3
331082,临海市,LHS,3
331100,丽水市,LSS,2
331101,市辖区,SXQ,3
331102,莲都区,LDQ,3
331121,青田县,QTX,3
331122,缙云县,JYX,3
331123,遂昌县,SCX,3
331124,松阳县,SYX,3
331125,云和县,YHX,3
331126,庆元县,QYX,3
331127,景宁畲族自治县,JNYZZZX,3
331181,龙泉市,LQS,3
340000,安徽省,AHS,1
340100,合肥市,HFS,2
340101,市辖区,SXQ,3
340102,瑶海区,YHQ,3
340103,庐阳区,LYQ,3
340104,蜀山区,SSQ,3
340111,包河区,BHQ,3
340121,长丰县,CFX,3
340122,肥东县,FDX,3
340123,肥西县,FXX,3
340124,庐江县,LJX,3
340181,巢湖市,CHS,3
340200,芜湖市,WHS,2
340201,市辖区,SXQ,3
340202,镜湖区,JHQ,3
340203,弋江区,YJQ,3
340207,鸠江区,JJQ,3
340208,三山区,SSQ,3
340221,芜湖县,WHX,3
340222,繁昌县,FCX,3
340223,南陵县,NLX,3
340225,无为县,WWX,3
340300,蚌埠市,BBS,2
340301,市辖区,SXQ,3
340302,龙子湖区,LZHQ,3
340303,蚌山区,BSQ,3
340304,禹会区,YHQ,3
340311,淮上区,HSQ,3
340321,怀远县,HYX,3
340322,五河县,WHX,3
340323,固镇县,GZX,3
340400,淮南市,HNS,2
340401,市辖区,SXQ,3
340402,大通区,DTQ,3
340403,田家庵区,TJAQ,3
340404,谢家集区,XJJQ,3
340405,八公山区,BGSQ,3
340406,潘集区,PJQ,3
340421,凤台县,FTX,3
340500,马鞍山市,MASS,2
340501,市辖区,SXQ,3
340503,花山区,HSQ,3
340504,雨山区,YSQ,3
340506,博望区,BWQ,3
340521,当涂县,DTX,3
340522,含山县,HSX,3
340523,和县,HX,3
340600,淮北市,HBS,2
340601,市辖区,SXQ,3
340602,杜集区,DJQ,3
340603,相山区,XSQ,3
340604,烈山区,LSQ,3
340621,濉溪县,SXX,3
340700,铜陵市,TLS,2
340701,市辖区,SXQ,3
340702,铜官山区,TGSQ,3
340703,狮子山区,SZSQ,3
340711,郊区,JQ,3
340721,铜陵县,TLX,3
340800,安庆市,AQS,2
340801,市辖区,SXQ,3
340802,迎江区,YJQ,3
340803,大观区,DGQ,3
340811,宜秀区,YXQ,3
340822,怀宁县,HNX,3
340823,枞阳县,CYX,3
340824,潜山县,QSX,3
340825,太湖县,THX,3
340826,宿松县,SSX,3
340827,望江县,WJX,3
340828,岳西县,YXX,3
340881,桐城市,TCS,3
341000,黄山市,HSS,2
341001,市辖区,SXQ,3
341002,屯溪区,TXQ,3
341003,黄山区,HSQ,3
341004,徽州区,HZQ,3
341021,歙县,XX,3
341022,休宁县,XNX,3
341023,黟县,YX,3
341024,祁门县,QMX,3
341100,滁州市,CZS,2
341101,市辖区,SXQ,3
341102,琅琊区,LYQ,3
341103,南谯区,NQQ,3
341122,来安县,LAX,3
341124,全椒县,QJX,3
341125,定远县,DYX,3
341126,凤阳县,FYX,3
341181,天长市,TCS,3
341182,明光市,MGS,3
341200,阜阳市,FYS,2
341201,市辖区,SXQ,3
341202,颍州区,YZQ,3
341203,颍东区,YDQ,3
341204,颍泉区,YQQ,3
341221,临泉县,LQX,3
341222,太和县,THX,3
341225,阜南县,FNX,3
341226,颍上县,YSX,3
341282,界首市,JSS,3
341300,宿州市,SZS,2
341301,市辖区,SXQ,3
341302,埇桥区,YQQ,3
341321,砀山县,DSX,3
341322,萧县,XX,3
341323,灵璧县,LBX,3
341324,泗县,SX,3
341500,六安市,LAS,2
341501,市辖区,SXQ,3
341502,金安区,JAQ,3
341503,裕安区,YAQ,3
341521,寿县,SX,3
341522,霍邱县,HQX,3
341523,舒城县,SCX,3
341524,金寨县,JZX,3
341525,霍山县,HSX,3
341600,亳州市,BZS,2
341601,市辖区,SXQ,3
341602,谯城区,QCQ,3
341621,涡阳县,WYX,3
341622,蒙城县,MCX,3
341623,利辛县,LXX,3
341700,池州市,CZS,2
341701,市辖区,SXQ,3
341702,贵池区,GCQ,3
341721,东至县,DZX,3
341722,石台县,STX,3
341723,青阳县,QYX,3
341800,宣城市,XCS,2
341801,市辖区,SXQ,3
341802,宣州区,XZQ,3
341821,郎溪县,LXX,3
341822,广德县,GDX,3
341823,泾县,JX,3
341824,绩溪县,JXX,3
341825,旌德县,JDX,3
341881,宁国市,NGS,3
350000,福建省,FJS,1
350100,福州市,FZS,2
350101,市辖区,SXQ,3
350102,鼓楼区,GLQ,3
350103,台江区,TJQ,3
350104,仓山区,CSQ,3
350105,马尾区,MWQ,3
350111,晋安区,JAQ,3
350121,闽侯县,MHX,3
350122,连江县,LJX,3
350123,罗源县,LYX,3
350124,闽清县,MQX,3
350125,永泰县,YTX,3
350128,平潭县,PTX,3
350181,福清市,FQS,3
350182,长乐市,CLS,3
350200,厦门市,SMS,2
350201,市辖区,SXQ,3
350203,思明区,SMQ,3
350205,海沧区,HCQ,3
350206,湖里区,HLQ,3
350211,集美区,JMQ,3
350212,同安区,TAQ,3
350213,翔安区,XAQ,3
350300,莆田市,FTS,2
350301,市辖区,SXQ,3
350302,城厢区,CXQ,3
350303,涵江区,HJQ,3
350304,荔城区,LCQ,3
350305,秀屿区,XYQ,3
350322,仙游县,XYX,3
350400,三明市,SMS,2
350401,市辖区,SXQ,3
350402,梅列区,MLQ,3
350403,三元区,SYQ,3
350421,明溪县,MXX,3
350423,清流县,QLX,3
350424,宁化县,NHX,3
350425,大田县,DTX,3
350426,尤溪县,YXX,3
350427,沙县,SX,3
350428,将乐县,JLX,3
350429,泰宁县,TNX,3
350430,建宁县,JNX,3
350481,永安市,YAS,3
350500,泉州市,QZS,2
350501,市辖区,SXQ,3
350502,鲤城区,LCQ,3
350503,丰泽区,FZQ,3
350504,洛江区,LJQ,3
350505,泉港区,QGQ,3
350521,惠安县,HAX,3
350524,安溪县,AXX,3
350525,永春县,YCX,3
350526,德化县,DHX,3
350527,金门县,JMX,3
350581,石狮市,SSS,3
350582,晋江市,JJS,3
350583,南安市,NAS,3
350600,漳州市,ZZS,2
350601,市辖区,SXQ,3
350602,芗城区,XCQ,3
350603,龙文区,LWQ,3
350622,云霄县,YXX,3
350623,漳浦县,ZPX,3
350624,诏安县,ZAX,3
350625,长泰县,CTX,3
350626,东山县,DSX,3
350627,南靖县,NJX,3
350628,平和县,PHX,3
350629,华安县,HAX,3
350681,龙海市,LHS,3
350700,南平市,NPS,2
350701,市辖区,SXQ,3
350702,延平区,YPQ,3
350703,建阳区,JYQ,3
350721,顺昌县,SCX,3
350722,浦城县,PCX,3
350723,光泽县,GZX,3
350724,松溪县,SXX,3
350725,政和县,ZHX,3
350781,邵武市,SWS,3
350782,武夷山市,WYSS,3
350783,建瓯市,JOS,3
350800,龙岩市,LYS,2
350801,市辖区,SXQ,3
350802,新罗区,XLQ,3
350803,永定区,YDQ,3
350821,长汀县,CTX,3
350823,上杭县,SHX,3
350824,武平县,WPX,3
350825,连城县,LCX,3
350881,漳平市,ZPS,3
350900,宁德市,NDS,2
350901,市辖区,SXQ,3
350902,蕉城区,JCQ,3
350921,霞浦县,XPX,3
350922,古田县,GTX,3
350923,屏南县,PNX,3
350924,寿宁县,SNX,3
350925,周宁县,ZNX,3
350926,柘荣县,ZRX,3
350981,福安市,FAS,3
350982,福鼎市,FDS,3
360000,江西省,JXS,1
360100,南昌市,NCS,2
360101,市辖区,SXQ,3
360102,东湖区,DHQ,3
360103,西湖区,XHQ,3
360104,青云谱区,QYPQ,3
360105,湾里区,WLQ,3
360111,青山湖区,QSHQ,3
360112,新建区,XJQ,3
360121,南昌县,NCX,3
360123,安义县,AYX,3
360124,进贤县,JXX,3
360200,景德镇市,JDZS,2
360201,市辖区,SXQ,3
360202,昌江区,CJQ,3
360203,珠山区,ZSQ,3
360222,浮梁县,FLX,3
360281,乐平市,LPS,3
360300,萍乡市,PXS,2
360301,市辖区,SXQ,3
360302,安源区,AYQ,3
360313,湘东区,XDQ,3
360321,莲花县,LHX,3
360322,上栗县,SLX,3
360323,芦溪县,LXX,3
360400,九江市,JJS,2
360401,市辖区,SXQ,3
360402,庐山区,LSQ,3
360403,浔阳区,XYQ,3
360421,九江县,JJX,3
360423,武宁县,WNX,3
360424,修水县,XSX,3
360425,永修县,YXX,3
360426,德安县,DAX,3
360427,星子县,XZX,3
360428,都昌县,DCX,3
360429,湖口县,HKX,3
360430,彭泽县,PZX,3
360481,瑞昌市,RCS,3
360482,共青城市,GQCS,3
360500,新余市,XYS,2
360501,市辖区,SXQ,3
360502,渝水区,YSQ,3
360521,分宜县,FYX,3
360600,鹰潭市,YTS,2
360601,市辖区,SXQ,3
360602,月湖区,YHQ,3
360622,余江县,YJX,3
360681,贵溪市,GXS,3
360700,赣州市,GZS,2
360701,市辖区,SXQ,3
360702,章贡区,ZGQ,3
360703,南康区,NKQ,3
360721,赣县,GX,3
360722,信丰县,XFX,3
360723,大余县,DYX,3
360724,上犹县,SYX,3
360725,崇义县,CYX,3
360726,安远县,AYX,3
360727,龙南县,LNX,3
360728,定南县,DNX,3
360729,全南县,QNX,3
360730,宁都县,NDX,3
360731,于都县,YDX,3
360732,兴国县,XGX,3
360733,会昌县,HCX,3
360734,寻乌县,XWX,3
360735,石城县,SCX,3
360781,瑞金市,RJS,3
360800,吉安市,JAS,2
360801,市辖区,SXQ,3
360802,吉州区,JZQ,3
360803,青原区,QYQ,3
360821,吉安县,JAX,3
360822,吉水县,JSX,3
360823,峡江县,XJX,3
360824,新干县,XGX,3
360825,永丰县,YFX,3
360826,泰和县,THX,3
360827,遂川县,SCX,3
360828,万安县,WAX,3
360829,安福县,AFX,3
360830,永新县,YXX,3
360881,井冈山市,JGSS,3
360900,宜春市,YCS,2
360901,市辖区,SXQ,3
360902,袁州区,YZQ,3
360921,奉新县,FXX,3
360922,万载县,WZX,3
360923,上高县,SGX,3
360924,宜丰县,YFX,3
360925,靖安县,JAX,3
360926,铜鼓县,TGX,3
360981,丰城市,FCS,3
360982,樟树市,ZSS,3
360983,高安市,GAS,3
361000,抚州市,FZS,2
361001,市辖区,SXQ,3
361002,临川区,LCQ,3
361021,南城县,NCX,3
361022,黎川县,LCX,3
361023,南丰县,NFX,3
361024,崇仁县,CRX,3
361025,乐安县,LAX,3
361026,宜黄县,YHX,3
361027,金溪县,JXX,3
361028,资溪县,ZXX,3
361029,东乡县,DXX,3
361030,广昌县,GCX,3
361100,上饶市,SRS,2
361101,市辖区,SXQ,3
361102,信州区,XZQ,3
361103,广丰区,GFQ,3
361121,上饶县,SRX,3
361123,玉山县,YSX,3
361124,铅山县,QSX,3
361125,横峰县,HFX,3
361126,弋阳县,YYX,3
361127,余干县,YGX,3
361128,鄱阳县,PYX,3
361129,万年县,WNX,3
361130,婺源县,WYX,3
361181,德兴市,DXS,3
370000,山东省,SDS,1
370100,济南市,JNS,2
370101,市辖区,SXQ,3
370102,历下区,LXQ,3
370103,市中区,SZQ,3
370104,槐荫区,HYQ,3
370105,天桥区,TQQ,3
370112,历城区,LCQ,3
370113,长清区,CQQ,3
370124,平阴县,PYX,3
370125,济阳县,JYX,3
370126,商河县,SHX,3
370181,章丘市,ZQS,3
370200,青岛市,QDS,2
370201,市辖区,SXQ,3
370202,市南区,SNQ,3
370203,市北区,SBQ,3
370211,黄岛区,HDQ,3
370212,崂山区,LSQ,3
370213,李沧区,LCQ,3
370214,城阳区,CYQ,3
370281,胶州市,JZS,3
370282,即墨市,JMS,3
370283,平度市,PDS,3
370285,莱西市,LXS,3
370300,淄博市,ZBS,2
370301,市辖区,SXQ,3
370302,淄川区,ZCQ,3
370303,张店区,ZDQ,3
370304,博山区,BSQ,3
370305,临淄区,LZQ,3
370306,周村区,ZCQ,3
370321,桓台县,HTX,3
370322,高青县,GQX,3
370323,沂源县,YYX,3
370400,枣庄市,ZZS,2
370401,市辖区,SXQ,3
370402,市中区,SZQ,3
370403,薛城区,XCQ,3
370404,峄城区,YCQ,3
370405,台儿庄区,TEZQ,3
370406,山亭区,STQ,3
370481,滕州市,TZS,3
370500,东营市,DYS,2
370501,市辖区,SXQ,3
370502,东营区,DYQ,3
370503,河口区,HKQ,3
370521,垦利县,KLX,3
370522,利津县,LJX,3
370523,广饶县,GRX,3
370600,烟台市,YTS,2
370601,市辖区,SXQ,3
370602,芝罘区,ZFQ,3
370611,福山区,FSQ,3
370612,牟平区,MPQ,3
370613,莱山区,LSQ,3
370634,长岛县,CDX,3
370681,龙口市,LKS,3
370682,莱阳市,LYS,3
370683,莱州市,LZS,3
370684,蓬莱市,PLS,3
370685,招远市,ZYS,3
370686,栖霞市,QXS,3
370687,海阳市,HYS,3
370700,潍坊市,WFS,2
370701,市辖区,SXQ,3
370702,潍城区,WCQ,3
370703,寒亭区,HTQ,3
370704,坊子区,FZQ,3
370705,奎文区,KWQ,3
370724,临朐县,LQX,3
370725,昌乐县,CLX,3
370781,青州市,QZS,3
370782,诸城市,ZCS,3
370783,寿光市,SGS,3
370784,安丘市,AQS,3
370785,高密市,GMS,3
370786,昌邑市,CYS,3
370800,济宁市,JNS,2
370801,市辖区,SXQ,3
370811,任城区,RCQ,3
370812,兖州区,YZQ,3
370826,微山县,WSX,3
370827,鱼台县,YTX,3
370828,金乡县,JXX,3
370829,嘉祥县,JXX,3
370830,汶上县,WSX,3
370831,泗水县,SSX,3
370832,梁山县,LSX,3
370881,曲阜市,QFS,3
370883,邹城市,ZCS,3
370900,泰安市,TAS,2
370901,市辖区,SXQ,3
370902,泰山区,TSQ,3
370911,岱岳区,DYQ,3
370921,宁阳县,NYX,3
370923,东平县,DPX,3
370982,新泰市,XTS,3
370983,肥城市,FCS,3
371000,威海市,WHS,2
371001,市辖区,SXQ,3
371002,环翠区,HCQ,3
371003,文登区,WDQ,3
371082,荣成市,RCS,3
371083,乳山市,RSS,3
371100,日照市,RZS,2
371101,市辖区,SXQ,3
371102,东港区,DGQ,3
371103,岚山区,LSQ,3
371121,五莲县,WLX,3
371122,莒县,JX,3
371200,莱芜市,LWS,2
371201,市辖区,SXQ,3
371202,莱城区,LCQ,3
371203,钢城区,GCQ,3
371300,临沂市,LYS,2
371301,市辖区,SXQ,3
371302,兰山区,LSQ,3
371311,罗庄区,LZQ,3
371312,河东区,HDQ,3
371321,沂南县,YNX,3
371322,郯城县,TCX,3
371323,沂水县,YSX,3
371324,兰陵县,LLX,3
371325,费县,FX,3
371326,平邑县,PYX,3
371327,莒南县,JNX,3
371328,蒙阴县,MYX,3
371329,临沭县,LSX,3
371400,德州市,DZS,2
371401,市辖区,SXQ,3
371402,德城区,DCQ,3
371403,陵城区,LCQ,3
371422,宁津县,NJX,3
371423,庆云县,QYX,3
371424,临邑县,LYX,3
371425,齐河县,QHX,3
371426,平原县,PYX,3
371427,夏津县,XJX,3
371428,武城县,WCX,3
371481,乐陵市,LLS,3
371482,禹城市,YCS,3
371500,聊城市,LCS,2
371501,市辖区,SXQ,3
371502,东昌府区,DCFQ,3
371521,阳谷县,YGX,3
371522,莘县,SX,3
371523,茌平县,CPX,3
371524,东阿县,DAX,3
371525,冠县,GX,3
371526,高唐县,GTX,3
371581,临清市,LQS,3
371600,滨州市,BZS,2
371601,市辖区,SXQ,3
371602,滨城区,BCQ,3
371603,沾化区,ZHQ,3
371621,惠民县,HMX,3
371622,阳信县,YXX,3
371623,无棣县,WDX,3
371625,博兴县,BXX,3
371626,邹平县,ZPX,3
371700,菏泽市,HZS,2
371701,市辖区,SXQ,3
371702,牡丹区,MDQ,3
371721,曹县,CX,3
371722,单县,DX,3
371723,成武县,CWX,3
371724,巨野县,JYX,3
371725,郓城县,YCX,3
371726,鄄城县,JCX,3
371727,定陶县,DTX,3
371728,东明县,DMX,3
410000,河南省,HNS,1
410100,郑州市,ZZS,2
410101,市辖区,SXQ,3
410102,中原区,ZYQ,3
410103,二七区,EQQ,3
410104,管城回族区,GCHZQ,3
410105,金水区,JSQ,3
410106,上街区,SJQ,3
410108,惠济区,HJQ,3
410122,中牟县,ZMX,3
410181,巩义市,GYS,3
410182,荥阳市,YYS,3
410183,新密市,XMS,3
410184,新郑市,XZS,3
410185,登封市,DFS,3
410200,开封市,KFS,2
410201,市辖区,SXQ,3
410202,龙亭区,LTQ,3
410203,顺河回族区,SHHZQ,3
410204,鼓楼区,GLQ,3
410205,禹王台区,YWTQ,3
410211,金明区,JMQ,3
410212,祥符区,XFQ,3
410221,杞县,QX,3
410222,通许县,TXX,3
410223,尉氏县,WSX,3
410225,兰考县,LKX,3
410300,洛阳市,LYS,2
410301,市辖区,SXQ,3
410302,老城区,LCQ,3
410303,西工区,XGQ,3
410304,瀍河回族区,CHHZQ,3
410305,涧西区,JXQ,3
410306,吉利区,JLQ,3
410311,洛龙区,LLQ,3
410322,孟津县,MJX,3
410323,新安县,XAX,3
410324,栾川县,LCX,3
410325,嵩县,SX,3
410326,汝阳县,RYX,3
410327,宜阳县,YYX,3
410328,洛宁县,LNX,3
410329,伊川县,YCX,3
410381,偃师市,YSS,3
410400,平顶山市,PDSS,2
410401,市辖区,SXQ,3
410402,新华区,XHQ,3
410403,卫东区,WDQ,3
410404,石龙区,SLQ,3
410411,湛河区,ZHQ,3
410421,宝丰县,BFX,3
410422,叶县,YX,3
410423,鲁山县,LSX,3
410425,郏县,JX,3
410481,舞钢市,WGS,3
410482,汝州市,RZS,3
410500,安阳市,AYS,2
410501,市辖区,SXQ,3
410502,文峰区,WFQ,3
410503,北关区,BGQ,3
410505,殷都区,YDQ,3
410506,龙安区,LAQ,3
410522,安阳县,AYX,3
410523,汤阴县,TYX,3
410526,滑县,HX,3
410527,内黄县,NHX,3
410581,林州市,LZS,3
410600,鹤壁市,HBS,2
410601,市辖区,SXQ,3
410602,鹤山区,HSQ,3
410603,山城区,SCQ,3
410611,淇滨区,QBQ,3
410621,浚县,JX,3
410622,淇县,QX,3
410700,新乡市,XXS,2
410701,市辖区,SXQ,3
410702,红旗区,HQQ,3
410703,卫滨区,WBQ,3
410704,凤泉区,FQQ,3
410711,牧野区,MYQ,3
410721,新乡县,XXX,3
410724,获嘉县,HJX,3
410725,原阳县,YYX,3
410726,延津县,YJX,3
410727,封丘县,FQX,3
410728,长垣县,CYX,3
410781,卫辉市,WHS,3
410782,辉县市,HXS,3
410800,焦作市,JZS,2
410801,市辖区,SXQ,3
410802,解放区,JFQ,3
410803,中站区,ZZQ,3
410804,马村区,MCQ,3
410811,山阳区,SYQ,3
410821,修武县,XWX,3
410822,博爱县,BAX,3
410823,武陟县,WZX,3
410825,温县,WX,3
410882,沁阳市,QYS,3
410883,孟州市,MZS,3
410900,濮阳市,PYS,2
410901,市辖区,SXQ,3
410902,华龙区,HLQ,3
410922,清丰县,QFX,3
410923,南乐县,NLX,3
410926,范县,FX,3
410927,台前县,TQX,3
410928,濮阳县,PYX,3
411000,许昌市,XCS,2
411001,市辖区,SXQ,3
411002,魏都区,WDQ,3
411023,许昌县,XCX,3
411024,鄢陵县,YLX,3
411025,襄城县,XCX,3
411081,禹州市,YZS,3
411082,长葛市,CGS,3
411100,漯河市,THS,2
411101,市辖区,SXQ,3
411102,源汇区,YHQ,3
411103,郾城区,YCQ,3
411104,召陵区,ZLQ,3
411121,舞阳县,WYX,3
411122,临颍县,LYX,3
411200,三门峡市,SMXS,2
411201,市辖区,SXQ,3
411202,湖滨区,HBQ,3
411221,渑池县,MCX,3
411222,陕县,SX,3
411224,卢氏县,LSX,3
411281,义马市,YMS,3
411282,灵宝市,LBS,3
411300,南阳市,NYS,2
411301,市辖区,SXQ,3
411302,宛城区,WCQ,3
411303,卧龙区,WLQ,3
411321,南召县,NZX,3
411322,方城县,FCX,3
411323,西峡县,XXX,3
411324,镇平县,ZPX,3
411325,内乡县,NXX,3
411326,淅川县,XCX,3
411327,社旗县,SQX,3
411328,唐河县,THX,3
411329,新野县,XYX,3
411330,桐柏县,TBX,3
411381,邓州市,DZS,3
411400,商丘市,SQS,2
411401,市辖区,SXQ,3
411402,梁园区,LYQ,3
411403,睢阳区,SYQ,3
411421,民权县,MQX,3
411422,睢县,SX,3
411423,宁陵县,NLX,3
411424,柘城县,ZCX,3
411425,虞城县,YCX,3
411426,夏邑县,XYX,3
411481,永城市,YCS,3
411500,信阳市,XYS,2
411501,市辖区,SXQ,3
411502,浉河区,SHQ,3
411503,平桥区,PQQ,3
411521,罗山县,LSX,3
411522,光山县,GSX,3
411523,新县,XX,3
411524,商城县,SCX,3
411525,固始县,GSX,3
411526,潢川县,HCX,3
411527,淮滨县,HBX,3
411528,息县,XX,3
411600,周口市,ZKS,2
411601,市辖区,SXQ,3
411602,川汇区,CHQ,3
411621,扶沟县,FGX,3
411622,西华县,XHX,3
411623,商水县,SSX,3
411624,沈丘县,SQX,3
411625,郸城县,DCX,3
411626,淮阳县,HYX,3
411627,太康县,TKX,3
411628,鹿邑县,LYX,3
411681,项城市,XCS,3
411700,驻马店市,ZMDS,2
411701,市辖区,SXQ,3
411702,驿城区,YCQ,3
411721,西平县,XPX,3
411722,上蔡县,SCX,3
411723,平舆县,PYX,3
411724,正阳县,ZYX,3
411725,确山县,QSX,3
411726,泌阳县,MYX,3
411727,汝南县,RNX,3
411728,遂平县,SPX,3
411729,新蔡县,XCX,3
419000,省直辖县级行政区划,SZXXJXZQH,2
419001,济源市,JYS,3
420000,湖北省,HBS,1
420100,武汉市,WHS,2
420101,市辖区,SXQ,3
420102,江岸区,JAQ,3
420103,江汉区,JHQ,3
420104,硚口区,QKQ,3
420105,汉阳区,HYQ,3
420106,武昌区,WCQ,3
420107,青山区,QSQ,3
420111,洪山区,HSQ,3
420112,东西湖区,DXHQ,3
420113,汉南区,HNQ,3
420114,蔡甸区,CDQ,3
420115,江夏区,JXQ,3
420116,黄陂区,HBQ,3
420117,新洲区,XZQ,3
420200,黄石市,HSS,2
420201,市辖区,SXQ,3
420202,黄石港区,HSGQ,3
420203,西塞山区,XSSQ,3
420204,下陆区,XLQ,3
420205,铁山区,TSQ,3
420222,阳新县,YXX,3
420281,大冶市,DYS,3
420300,十堰市,SYS,2
420301,市辖区,SXQ,3
420302,茅箭区,MJQ,3
420303,张湾区,ZWQ,3
420304,郧阳区,YYQ,3
420322,郧西县,YXX,3
420323,竹山县,ZSX,3
420324,竹溪县,ZXX,3
420325,房县,FX,3
420381,丹江口市,DJKS,3
420500,宜昌市,YCS,2
420501,市辖区,SXQ,3
420502,西陵区,XLQ,3
420503,伍家岗区,WJGQ,3
420504,点军区,DJQ,3
420505,猇亭区,YTQ,3
420506,夷陵区,YLQ,3
420525,远安县,YAX,3
420526,兴山县,XSX,3
420527,秭归县,ZGX,3
420528,长阳土家族自治县,CYTJZZZX,3
420529,五峰土家族自治县,WFTJZZZX,3
420581,宜都市,YDS,3
420582,当阳市,DYS,3
420583,枝江市,ZJS,3
420600,襄阳市,XYS,2
420601,市辖区,SXQ,3
420602,襄城区,XCQ,3
420606,樊城区,FCQ,3
420607,襄州区,XZQ,3
420624,南漳县,NZX,3
420625,谷城县,GCX,3
420626,保康县,BKX,3
420682,老河口市,LHKS,3
420683,枣阳市,ZYS,3
420684,宜城市,YCS,3
420700,鄂州市,EZS,2
420701,市辖区,SXQ,3
420702,梁子湖区,LZHQ,3
420703,华容区,HRQ,3
420704,鄂城区,ECQ,3
420800,荆门市,JMS,2
420801,市辖区,SXQ,3
420802,东宝区,DBQ,3
420804,掇刀区,DDQ,3
420821,京山县,JSX,3
420822,沙洋县,SYX,3
420881,钟祥市,ZXS,3
420900,孝感市,XGS,2
420901,市辖区,SXQ,3
420902,孝南区,XNQ,3
420921,孝昌县,XCX,3
420922,大悟县,DWX,3
420923,云梦县,YMX,3
420981,应城市,YCS,3
420982,安陆市,ALS,3
420984,汉川市,HCS,3
421000,荆州市,JZS,2
421001,市辖区,SXQ,3
421002,沙市区,SSQ,3
421003,荆州区,JZQ,3
421022,公安县,GAX,3
421023,监利县,JLX,3
421024,江陵县,JLX,3
421081,石首市,SSS,3
421083,洪湖市,HHS,3
421087,松滋市,SZS,3
421100,黄冈市,HGS,2
421101,市辖区,SXQ,3
421102,黄州区,HZQ,3
421121,团风县,TFX,3
421122,红安县,HAX,3
421123,罗田县,LTX,3
421124,英山县,YSX,3
421125,浠水县,XSX,3
421126,蕲春县,QCX,3
421127,黄梅县,HMX,3
421181,麻城市,MCS,3
421182,武穴市,WXS,3
421200,咸宁市,XNS,2
421201,市辖区,SXQ,3
421202,咸安区,XAQ,3
421221,嘉鱼县,JYX,3
421222,通城县,TCX,3
421223,崇阳县,CYX,3
421224,通山县,TSX,3
421281,赤壁市,CBS,3
421300,随州市,SZS,2
421301,市辖区,SXQ,3
421303,曾都区,CDQ,3
421321,随县,SX,3
421381,广水市,GSS,3
422800,恩施土家族苗族自治州,ESTJZMZZZZ,2
422801,恩施市,ESS,3
422802,利川市,LCS,3
422822,建始县,JSX,3
422823,巴东县,BDX,3
422825,宣恩县,XEX,3
422826,咸丰县,XFX,3
422827,来凤县,LFX,3
422828,鹤峰县,HFX,3
429000,省直辖县级行政区划,SZXXJXZQH,2
429004,仙桃市,XTS,3
429005,潜江市,QJS,3
429006,天门市,TMS,3
429021,神农架林区,SNJLQ,3
430000,湖南省,HNS,1
430100,长沙市,CSS,2
430101,市辖区,SXQ,3
430102,芙蓉区,FRQ,3
430103,天心区,TXQ,3
430104,岳麓区,YLQ,3
430105,开福区,KFQ,3
430111,雨花区,YHQ,3
430112,望城区,WCQ,3
430121,长沙县,CSX,3
430124,宁乡县,NXX,3
430181,浏阳市,LYS,3
430200,株洲市,ZZS,2
430201,市辖区,SXQ,3
430202,荷塘区,HTQ,3
430203,芦淞区,LSQ,3
430204,石峰区,SFQ,3
430211,天元区,TYQ,3
430221,株洲县,ZZX,3
430223,攸县,YX,3
430224,茶陵县,CLX,3
430225,炎陵县,YLX,3
430281,醴陵市,LLS,3
430300,湘潭市,XTS,2
430301,市辖区,SXQ,3
430302,雨湖区,YHQ,3
430304,岳塘区,YTQ,3
430321,湘潭县,XTX,3
430381,湘乡市,XXS,3
430382,韶山市,SSS,3
430400,衡阳市,HYS,2
430401,市辖区,SXQ,3
430405,珠晖区,ZHQ,3
430406,雁峰区,YFQ,3
430407,石鼓区,SGQ,3
430408,蒸湘区,ZXQ,3
430412,南岳区,NYQ,3
430421,衡阳县,HYX,3
430422,衡南县,HNX,3
430423,衡山县,HSX,3
430424,衡东县,HDX,3
430426,祁东县,QDX,3
430481,耒阳市,LYS,3
430482,常宁市,CNS,3
430500,邵阳市,SYS,2
430501,市辖区,SXQ,3
430502,双清区,SQQ,3
430503,大祥区,DXQ,3
430511,北塔区,BTQ,3
430521,邵东县,SDX,3
430522,新邵县,XSX,3
430523,邵阳县,SYX,3
430524,隆回县,LHX,3
430525,洞口县,DKX,3
430527,绥宁县,SNX,3
430528,新宁县,XNX,3
430529,城步苗族自治县,CBMZZZX,3
430581,武冈市,WGS,3
430600,岳阳市,YYS,2
430601,市辖区,SXQ,3
430602,岳阳楼区,YYLQ,3
430603,云溪区,YXQ,3
430611,君山区,JSQ,3
430621,岳阳县,YYX,3
430623,华容县,HRX,3
430624,湘阴县,XYX,3
430626,平江县,PJX,3
430681,汨罗市,MLS,3
430682,临湘市,LXS,3
430700,常德市,CDS,2
430701,市辖区,SXQ,3
430702,武陵区,WLQ,3
430703,鼎城区,DCQ,3
430721,安乡县,AXX,3
430722,汉寿县,HSX,3
430723,澧县,LX,3
430724,临澧县,LLX,3
430725,桃源县,TYX,3
430726,石门县,SMX,3
430781,津市市,JSS,3
430800,张家界市,ZJJS,2
430801,市辖区,SXQ,3
430802,永定区,YDQ,3
430811,武陵源区,WLYQ,3
430821,慈利县,CLX,3
430822,桑植县,SZX,3
430900,益阳市,YYS,2
430901,市辖区,SXQ,3
430902,资阳区,ZYQ,3
430903,赫山区,HSQ,3
430921,南县,NX,3
430922,桃江县,TJX,3
430923,安化县,AHX,3
430981,沅江市,YJS,3
431000,郴州市,CZS,2
431001,市辖区,SXQ,3
431002,北湖区,BHQ,3
431003,苏仙区,SXQ,3
431021,桂阳县,GYX,3
431022,宜章县,YZX,3
431023,永兴县,YXX,3
431024,嘉禾县,JHX,3
431025,临武县,LWX,3
431026,汝城县,RCX,3
431027,桂东县,GDX,3
431028,安仁县,ARX,3
431081,资兴市,ZXS,3
431100,永州市,YZS,2
431101,市辖区,SXQ,3
431102,零陵区,LLQ,3
431103,冷水滩区,LSTQ,3
431121,祁阳县,QYX,3
431122,东安县,DAX,3
431123,双牌县,SPX,3
431124,道县,DX,3
431125,江永县,JYX,3
431126,宁远县,NYX,3
431127,蓝山县,LSX,3
431128,新田县,XTX,3
431129,江华瑶族自治县,JHYZZZX,3
431200,怀化市,HHS,2
431201,市辖区,SXQ,3
431202,鹤城区,HCQ,3
431221,中方县,ZFX,3
431222,沅陵县,YLX,3
431223,辰溪县,CXX,3
431224,溆浦县,XPX,3
431225,会同县,HTX,3
431226,麻阳苗族自治县,MYMZZZX,3
431227,新晃侗族自治县,XHTZZZX,3
431228,芷江侗族自治县,ZJTZZZX,3
431229,靖州苗族侗族自治县,JZMZTZZZX,3
431230,通道侗族自治县,TDTZZZX,3
431281,洪江市,HJS,3
431300,娄底市,LDS,2
431301,市辖区,SXQ,3
431302,娄星区,LXQ,3
431321,双峰县,SFX,3
431322,新化县,XHX,3
431381,冷水江市,LSJS,3
431382,涟源市,LYS,3
433100,湘西土家族苗族自治州,XXTJZMZZZZ,2
433101,吉首市,JSS,3
433122,泸溪县,LXX,3
433123,凤凰县,FHX,3
433124,花垣县,HYX,3
433125,保靖县,BJX,3
433126,古丈县,GZX,3
433127,永顺县,YSX,3
433130,龙山县,LSX,3
440000,广东省,GDS,1
440100,广州市,GZS,2
440101,市辖区,SXQ,3
440103,荔湾区,LWQ,3
440104,越秀区,YXQ,3
440105,海珠区,HZQ,3
440106,天河区,THQ,3
440111,白云区,BYQ,3
440112,黄埔区,HPQ,3
440113,番禺区,FYQ,3
440114,花都区,HDQ,3
440115,南沙区,NSQ,3
440117,从化区,CHQ,3
440118,增城区,ZCQ,3
440200,韶关市,SGS,2
440201,市辖区,SXQ,3
440203,武江区,WJQ,3
440204,浈江区,CJQ,3
440205,曲江区,QJQ,3
440222,始兴县,SXX,3
440224,仁化县,RHX,3
440229,翁源县,WYX,3
440232,乳源瑶族自治县,RYYZZZX,3
440233,新丰县,XFX,3
440281,乐昌市,LCS,3
440282,南雄市,NXS,3
440300,深圳市,SZS,2
440301,市辖区,SXQ,3
440303,罗湖区,LHQ,3
440304,福田区,FTQ,3
440305,南山区,NSQ,3
440306,宝安区,BAQ,3
440307,龙岗区,LGQ,3
440308,盐田区,YTQ,3
440400,珠海市,ZHS,2
440401,市辖区,SXQ,3
440402,香洲区,XZQ,3
440403,斗门区,DMQ,3
440404,金湾区,JWQ,3
440500,汕头市,STS,2
440501,市辖区,SXQ,3
440507,龙湖区,LHQ,3
440511,金平区,JPQ,3
440512,濠江区,HJQ,3
440513,潮阳区,CYQ,3
440514,潮南区,CNQ,3
440515,澄海区,CHQ,3
440523,南澳县,NAX,3
440600,佛山市,FSS,2
440601,市辖区,SXQ,3
440604,禅城区,SCQ,3
440605,南海区,NHQ,3
440606,顺德区,SDQ,3
440607,三水区,SSQ,3
440608,高明区,GMQ,3
440700,江门市,JMS,2
440701,市辖区,SXQ,3
440703,蓬江区,PJQ,3
440704,江海区,JHQ,3
440705,新会区,XHQ,3
440781,台山市,TSS,3
440783,开平市,KPS,3
440784,鹤山市,HSS,3
440785,恩平市,EPS,3
440800,湛江市,ZJS,2
440801,市辖区,SXQ,3
440802,赤坎区,CKQ,3
440803,霞山区,XSQ,3
440804,坡头区,PTQ,3
440811,麻章区,MZQ,3
440823,遂溪县,SXX,3
440825,徐闻县,XWX,3
440881,廉江市,LJS,3
440882,雷州市,LZS,3
440883,吴川市,WCS,3
440900,茂名市,MMS,2
440901,市辖区,SXQ,3
440902,茂南区,MNQ,3
440904,电白区,DBQ,3
440981,高州市,GZS,3
440982,化州市,HZS,3
440983,信宜市,XYS,3
441200,肇庆市,ZQS,2
441201,市辖区,SXQ,3
441202,端州区,DZQ,3
441203,鼎湖区,DHQ,3
441204,高要区,GYQ,3
441223,广宁县,GNX,3
441224,怀集县,HJX,3
441225,封开县,FKX,3
441226,德庆县,DQX,3
441284,四会市,SHS,3
441300,惠州市,HZS,2
441301,市辖区,SXQ,3
441302,惠城区,HCQ,3
441303,惠阳区,HYQ,3
441322,博罗县,BLX,3
441323,惠东县,HDX,3
441324,龙门县,LMX,3
441400,梅州市,MZS,2
441401,市辖区,SXQ,3
441402,梅江区,MJQ,3
441403,梅县区,MXQ,3
441422,大埔县,DPX,3
441423,丰顺县,FSX,3
441424,五华县,WHX,3
441426,平远县,PYX,3
441427,蕉岭县,JLX,3
441481,兴宁市,XNS,3
441500,汕尾市,SWS,2
441501,市辖区,SXQ,3
441502,城区,CQ,3
441521,海丰县,HFX,3
441523,陆河县,LHX,3
441581,陆丰市,LFS,3
441600,河源市,HYS,2
441601,市辖区,SXQ,3
441602,源城区,YCQ,3
441621,紫金县,ZJX,3
441622,龙川县,LCX,3
441623,连平县,LPX,3
441624,和平县,HPX,3
441625,东源县,DYX,3
441700,阳江市,YJS,2
441701,市辖区,SXQ,3
441702,江城区,JCQ,3
441704,阳东区,YDQ,3
441721,阳西县,YXX,3
441781,阳春市,YCS,3
441800,清远市,QYS,2
441801,市辖区,SXQ,3
441802,清城区,QCQ,3
441803,清新区,QXQ,3
441821,佛冈县,FGX,3
441823,阳山县,YSX,3
441825,连山壮族瑶族自治县,LSZZYZZZX,3
441826,连南瑶族自治县,LNYZZZX,3
441881,英德市,YDS,3
441882,连州市,LZS,3
441900,东莞市,DGS,2
442000,中山市,ZSS,2
445100,潮州市,CZS,2
445101,市辖区,SXQ,3
445102,湘桥区,XQQ,3
445103,潮安区,CAQ,3
445122,饶平县,RPX,3
445200,揭阳市,JYS,2
445201,市辖区,SXQ,3
445202,榕城区,RCQ,3
445203,揭东区,JDQ,3
445222,揭西县,JXX,3
445224,惠来县,HLX,3
445281,普宁市,PNS,3
445300,云浮市,YFS,2
445301,市辖区,SXQ,3
445302,云城区,YCQ,3
445303,云安区,YAQ,3
445321,新兴县,XXX,3
445322,郁南县,YNX,3
445381,罗定市,LDS,3
450000,广西壮族自治区,GXZZZZQ,1
450100,南宁市,NNS,2
450101,市辖区,SXQ,3
450102,兴宁区,XNQ,3
450103,青秀区,QXQ,3
450105,江南区,JNQ,3
450107,西乡塘区,XXTQ,3
450108,良庆区,LQQ,3
450109,邕宁区,YNQ,3
450110,武鸣区,WMQ,3
450123,隆安县,LAX,3
450124,马山县,MSX,3
450125,上林县,SLX,3
450126,宾阳县,BYX,3
450127,横县,HX,3
450200,柳州市,LZS,2
450201,市辖区,SXQ,3
450202,城中区,CZQ,3
450203,鱼峰区,YFQ,3
450204,柳南区,LNQ,3
450205,柳北区,LBQ,3
450221,柳江县,LJX,3
450222,柳城县,LCX,3
450223,鹿寨县,LZX,3
450224,融安县,RAX,3
450225,融水苗族自治县,RSMZZZX,3
450226,三江侗族自治县,SJTZZZX,3
450300,桂林市,GLS,2
450301,市辖区,SXQ,3
450302,秀峰区,XFQ,3
450303,叠彩区,DCQ,3
450304,象山区,XSQ,3
450305,七星区,QXQ,3
450311,雁山区,YSQ,3
450312,临桂区,LGQ,3
450321,阳朔县,YSX,3
450323,灵川县,LCX,3
450324,全州县,QZX,3
450325,兴安县,XAX,3
450326,永福县,YFX,3
450327,灌阳县,GYX,3
450328,龙胜各族自治县,LSGZZZX,3
450329,资源县,ZYX,3
450330,平乐县,PLX,3
450331,荔浦县,LPX,3
450332,恭城瑶族自治县,GCYZZZX,3
450400,梧州市,WZS,2
450401,市辖区,SXQ,3
450403,万秀区,WXQ,3
450405,长洲区,CZQ,3
450406,龙圩区,LWQ,3
450421,苍梧县,CWX,3
450422,藤县,TX,3
450423,蒙山县,MSX,3
450481,岑溪市,CXS,3
450500,北海市,BHS,2
450501,市辖区,SXQ,3
450502,海城区,HCQ,3
450503,银海区,YHQ,3
450512,铁山港区,TSGQ,3
450521,合浦县,HPX,3
450600,防城港市,FCGS,2
450601,市辖区,SXQ,3
450602,港口区,GKQ,3
450603,防城区,FCQ,3
450621,上思县,SSX,3
450681,东兴市,DXS,3
450700,钦州市,QZS,2
450701,市辖区,SXQ,3
450702,钦南区,QNQ,3
450703,钦北区,QBQ,3
450721,灵山县,LSX,3
450722,浦北县,PBX,3
450800,贵港市,GGS,2
450801,市辖区,SXQ,3
450802,港北区,GBQ,3
450803,港南区,GNQ,3
450804,覃塘区,TTQ,3
450821,平南县,PNX,3
450881,桂平市,GPS,3
450900,玉林市,YLS,2
450901,市辖区,SXQ,3
450902,玉州区,YZQ,3
450903,福绵区,FMQ,3
450921,容县,RX,3
450922,陆川县,LCX,3
450923,博白县,BBX,3
450924,兴业县,XYX,3
450981,北流市,BLS,3
451000,百色市,BSS,2
451001,市辖区,SXQ,3
451002,右江区,YJQ,3
451021,田阳县,TYX,3
451022,田东县,TDX,3
451023,平果县,PGX,3
451024,德保县,DBX,3
451026,那坡县,NPX,3
451027,凌云县,LYX,3
451028,乐业县,LYX,3
451029,田林县,TLX,3
451030,西林县,XLX,3
451031,隆林各族自治县,LLGZZZX,3
451081,靖西市,JXS,3
451100,贺州市,HZS,2
451101,市辖区,SXQ,3
451102,八步区,BBQ,3
451121,昭平县,ZPX,3
451122,钟山县,ZSX,3
451123,富川瑶族自治县,FCYZZZX,3
451200,河池市,HCS,2
451201,市辖区,SXQ,3
451202,金城江区,JCJQ,3
451221,南丹县,NDX,3
451222,天峨县,TEX,3
451223,凤山县,FSX,3
451224,东兰县,DLX,3
451225,罗城仫佬族自治县,LCMLZZZX,3
451226,环江毛南族自治县,HJMNZZZX,3
451227,巴马瑶族自治县,BMYZZZX,3
451228,都安瑶族自治县,DAYZZZX,3
451229,大化瑶族自治县,DHYZZZX,3
451281,宜州市,YZS,3
451300,来宾市,LBS,2
451301,市辖区,SXQ,3
451302,兴宾区,XBQ,3
451321,忻城县,XCX,3
451322,象州县,XZX,3
451323,武宣县,WXX,3
451324,金秀瑶族自治县,JXYZZZX,3
451381,合山市,HSS,3
451400,崇左市,CZS,2
451401,市辖区,SXQ,3
451402,江州区,JZQ,3
451421,扶绥县,FSX,3
451422,宁明县,NMX,3
451423,龙州县,LZX,3
451424,大新县,DXX,3
451425,天等县,TDX,3
451481,凭祥市,PXS,3
460000,海南省,HNS,1
460100,海口市,HKS,2
460101,市辖区,SXQ,3
460105,秀英区,XYQ,3
460106,龙华区,LHQ,3
460107,琼山区,QSQ,3
460108,美兰区,MLQ,3
460200,三亚市,SYS,2
460201,市辖区,SXQ,3
460202,海棠区,HTQ,3
460203,吉阳区,JYQ,3
460204,天涯区,TYQ,3
460205,崖州区,YZQ,3
460300,三沙市,SSS,2
460321,西沙群岛,XSQD,3
460322,南沙群岛,NSQD,3
460323,中沙群岛的岛礁及其海域,ZSQDDDJJQHY,3
469000,省直辖县级行政区划,SZXXJXZQH,2
469001,五指山市,WZSS,3
469002,琼海市,QHS,3
469003,儋州市,DZS,3
469005,文昌市,WCS,3
469006,万宁市,WNS,3
469007,东方市,DFS,3
469021,定安县,DAX,3
469022,屯昌县,TCX,3
469023,澄迈县,CMX,3
469024,临高县,LGX,3
469025,白沙黎族自治县,BSLZZZX,3
469026,昌江黎族自治县,CJLZZZX,3
469027,乐东黎族自治县,LDLZZZX,3
469028,陵水黎族自治县,LSLZZZX,3
469029,保亭黎族苗族自治县,BTLZMZZZX,3
469030,琼中黎族苗族自治县,QZLZMZZZX,3
500000,重庆市,ZQS,1
500100,市辖区,SXQ,2
500101,万州区,WZQ,3
500102,涪陵区,FLQ,3
500103,渝中区,YZQ,3
500104,大渡口区,DDKQ,3
500105,江北区,JBQ,3
500106,沙坪坝区,SPBQ,3
500107,九龙坡区,JLPQ,3
500108,南岸区,NAQ,3
500109,北碚区,BBQ,3
500110,綦江区,QJQ,3
500111,大足区,DZQ,3
500112,渝北区,YBQ,3
500113,巴南区,BNQ,3
500114,黔江区,QJQ,3
500115,长寿区,CSQ,3
500116,江津区,JJQ,3
500117,合川区,HCQ,3
500118,永川区,YCQ,3
500119,南川区,NCQ,3
500120,璧山区,BSQ,3
500151,铜梁区,TLQ,3
500152,潼南区,TNQ,3
500153,荣昌区,RCQ,3
500200,县,X,2
500228,梁平县,LPX,3
500229,城口县,CKX,3
500230,丰都县,FDX,3
500231,垫江县,DJX,3
500232,武隆县,WLX,3
500233,忠县,ZX,3
500234,开县,KX,3
500235,云阳县,YYX,3
500236,奉节县,FJX,3
500237,巫山县,WSX,3
500238,巫溪县,WXX,3
500240,石柱土家族自治县,SZTJZZZX,3
500241,秀山土家族苗族自治县,XSTJZMZZZX,3
500242,酉阳土家族苗族自治县,YYTJZMZZZX,3
500243,彭水苗族土家族自治县,PSMZTJZZZX,3
510000,四川省,SCS,1
510100,成都市,CDS,2
510101,市辖区,SXQ,3
510104,锦江区,JJQ,3
510105,青羊区,QYQ,3
510106,金牛区,JNQ,3
510107,武侯区,WHQ,3
510108,成华区,CHQ,3
510112,龙泉驿区,LQYQ,3
510113,青白江区,QBJQ,3
510114,新都区,XDQ,3
510115,温江区,WJQ,3
510121,金堂县,JTX,3
510122,双流县,SLX,3
510124,郫县,PX,3
510129,大邑县,DYX,3
510131,蒲江县,PJX,3
510132,新津县,XJX,3
510181,都江堰市,DJYS,3
510182,彭州市,PZS,3
510183,邛崃市,QLS,3
510184,崇州市,CZS,3
510300,自贡市,ZGS,2
510301,市辖区,SXQ,3
510302,自流井区,ZLJQ,3
510303,贡井区,GJQ,3
510304,大安区,DAQ,3
510311,沿滩区,YTQ,3
510321,荣县,RX,3
510322,富顺县,FSX,3
510400,攀枝花市,PZHS,2
510401,市辖区,SXQ,3
510402,东区,DQ,3
510403,西区,XQ,3
510411,仁和区,RHQ,3
510421,米易县,MYX,3
510422,盐边县,YBX,3
510500,泸州市,LZS,2
510501,市辖区,SXQ,3
510502,江阳区,JYQ,3
510503,纳溪区,NXQ,3
510504,龙马潭区,LMTQ,3
510521,泸县,LX,3
510522,合江县,HJX,3
510524,叙永县,XYX,3
510525,古蔺县,GLX,3
510600,德阳市,DYS,2
510601,市辖区,SXQ,3
510603,旌阳区,JYQ,3
510623,中江县,ZJX,3
510626,罗江县,LJX,3
510681,广汉市,GHS,3
510682,什邡市,SFS,3
510683,绵竹市,MZS,3
510700,绵阳市,MYS,2
510701,市辖区,SXQ,3
510703,涪城区,FCQ,3
510704,游仙区,YXQ,3
510722,三台县,STX,3
510723,盐亭县,YTX,3
510724,安县,AX,3
510725,梓潼县,ZTX,3
510726,北川羌族自治县,BCQZZZX,3
510727,平武县,PWX,3
510781,江油市,JYS,3
510800,广元市,GYS,2
510801,市辖区,SXQ,3
510802,利州区,LZQ,3
510811,昭化区,ZHQ,3
510812,朝天区,ZTQ,3
510821,旺苍县,WCX,3
510822,青川县,QCX,3
510823,剑阁县,JGX,3
510824,苍溪县,CXX,3
510900,遂宁市,SNS,2
510901,市辖区,SXQ,3
510903,船山区,CSQ,3
510904,安居区,AJQ,3
510921,蓬溪县,PXX,3
510922,射洪县,SHX,3
510923,大英县,DYX,3
511000,内江市,NJS,2
511001,市辖区,SXQ,3
511002,市中区,SZQ,3
511011,东兴区,DXQ,3
511024,威远县,WYX,3
511025,资中县,ZZX,3
511028,隆昌县,LCX,3
511100,乐山市,LSS,2
511101,市辖区,SXQ,3
511102,市中区,SZQ,3
511111,沙湾区,SWQ,3
511112,五通桥区,WTQQ,3
511113,金口河区,JKHQ,3
511123,犍为县,JWX,3
511124,井研县,JYX,3
511126,夹江县,JJX,3
511129,沐川县,MCX,3
511132,峨边彝族自治县,EBYZZZX,3
511133,马边彝族自治县,MBYZZZX,3
511181,峨眉山市,EMSS,3
511300,南充市,NCS,2
511301,市辖区,SXQ,3
511302,顺庆区,SQQ,3
511303,高坪区,GPQ,3
511304,嘉陵区,JLQ,3
511321,南部县,NBX,3
511322,营山县,YSX,3
511323,蓬安县,PAX,3
511324,仪陇县,YLX,3
511325,西充县,XCX,3
511381,阆中市,LZS,3
511400,眉山市,MSS,2
511401,市辖区,SXQ,3
511402,东坡区,DPQ,3
511403,彭山区,PSQ,3
511421,仁寿县,RSX,3
511423,洪雅县,HYX,3
511424,丹棱县,DLX,3
511425,青神县,QSX,3
511500,宜宾市,YBS,2
511501,市辖区,SXQ,3
511502,翠屏区,CPQ,3
511503,南溪区,NXQ,3
511521,宜宾县,YBX,3
511523,江安县,JAX,3
511524,长宁县,CNX,3
511525,高县,GX,3
511526,珙县,GX,3
511527,筠连县,YLX,3
511528,兴文县,XWX,3
511529,屏山县,PSX,3
511600,广安市,GAS,2
511601,市辖区,SXQ,3
511602,广安区,GAQ,3
511603,前锋区,QFQ,3
511621,岳池县,YCX,3
511622,武胜县,WSX,3
511623,邻水县,LSX,3
511681,华蓥市,HYS,3
511700,达州市,DZS,2
511701,市辖区,SXQ,3
511702,通川区,TCQ,3
511703,达川区,DCQ,3
511722,宣汉县,XHX,3
511723,开江县,KJX,3
511724,大竹县,DZX,3
511725,渠县,QX,3
511781,万源市,WYS,3
511800,雅安市,YAS,2
511801,市辖区,SXQ,3
511802,雨城区,YCQ,3
511803,名山区,MSQ,3
511822,荥经县,YJX,3
511823,汉源县,HYX,3
511824,石棉县,SMX,3
511825,天全县,TQX,3
511826,芦山县,LSX,3
511827,宝兴县,BXX,3
511900,巴中市,BZS,2
511901,市辖区,SXQ,3
511902,巴州区,BZQ,3
511903,恩阳区,EYQ,3
511921,通江县,TJX,3
511922,南江县,NJX,3
511923,平昌县,PCX,3
512000,资阳市,ZYS,2
512001,市辖区,SXQ,3
512002,雁江区,YJQ,3
512021,安岳县,AYX,3
512022,乐至县,LZX,3
512081,简阳市,JYS,3
513200,阿坝藏族羌族自治州,ABCZQZZZZ,2
513221,汶川县,WCX,3
513222,理县,LX,3
513223,茂县,MX,3
513224,松潘县,SPX,3
513225,九寨沟县,JZGX,3
513226,金川县,JCX,3
513227,小金县,XJX,3
513228,黑水县,HSX,3
513229,马尔康县,MEKX,3
513230,壤塘县,RTX,3
513231,阿坝县,ABX,3
513232,若尔盖县,REGX,3
513233,红原县,HYX,3
513300,甘孜藏族自治州,GZCZZZZ,2
513301,康定市,KDS,3
513322,泸定县,LDX,3
513323,丹巴县,DBX,3
513324,九龙县,JLX,3
513325,雅江县,YJX,3
513326,道孚县,DFX,3
513327,炉霍县,LHX,3
513328,甘孜县,GZX,3
513329,新龙县,XLX,3
513330,德格县,DGX,3
513331,白玉县,BYX,3
513332,石渠县,SQX,3
513333,色达县,SDX,3
513334,理塘县,LTX,3
513335,巴塘县,BTX,3
513336,乡城县,XCX,3
513337,稻城县,DCX,3
513338,得荣县,DRX,3
513400,凉山彝族自治州,LSYZZZZ,2
513401,西昌市,XCS,3
513422,木里藏族自治县,MLCZZZX,3
513423,盐源县,YYX,3
513424,德昌县,DCX,3
513425,会理县,HLX,3
513426,会东县,HDX,3
513427,宁南县,NNX,3
513428,普格县,PGX,3
513429,布拖县,BTX,3
513430,金阳县,JYX,3
513431,昭觉县,ZJX,3
513432,喜德县,XDX,3
513433,冕宁县,MNX,3
513434,越西县,YXX,3
513435,甘洛县,GLX,3
513436,美姑县,MGX,3
513437,雷波县,LBX,3
520000,贵州省,GZS,1
520100,贵阳市,GYS,2
520101,市辖区,SXQ,3
520102,南明区,NMQ,3
520103,云岩区,YYQ,3
520111,花溪区,HXQ,3
520112,乌当区,WDQ,3
520113,白云区,BYQ,3
520115,观山湖区,GSHQ,3
520121,开阳县,KYX,3
520122,息烽县,XFX,3
520123,修文县,XWX,3
520181,清镇市,QZS,3
520200,六盘水市,LPSS,2
520201,钟山区,ZSQ,3
520203,六枝特区,LZTQ,3
520221,水城县,SCX,3
520222,盘县,PX,3
520300,遵义市,ZYS,2
520301,市辖区,SXQ,3
520302,红花岗区,HHGQ,3
520303,汇川区,HCQ,3
520321,遵义县,ZYX,3
520322,桐梓县,TZX,3
520323,绥阳县,SYX,3
520324,正安县,ZAX,3
520325,道真仡佬族苗族自治县,DZYLZMZZZX,3
520326,务川仡佬族苗族自治县,WCYLZMZZZX,3
520327,凤冈县,FGX,3
520328,湄潭县,MTX,3
520329,余庆县,YQX,3
520330,习水县,XSX,3
520381,赤水市,CSS,3
520382,仁怀市,RHS,3
520400,安顺市,ASS,2
520401,市辖区,SXQ,3
520402,西秀区,XXQ,3
520403,平坝区,PBQ,3
520422,普定县,PDX,3
520423,镇宁布依族苗族自治县,ZNBYZMZZZX,3
520424,关岭布依族苗族自治县,GLBYZMZZZX,3
520425,紫云苗族布依族自治县,ZYMZBYZZZX,3
520500,毕节市,BJS,2
520501,市辖区,SXQ,3
520502,七星关区,QXGQ,3
520521,大方县,DFX,3
520522,黔西县,QXX,3
520523,金沙县,JSX,3
520524,织金县,ZJX,3
520525,纳雍县,NYX,3
520526,威宁彝族回族苗族自治县,WNYZHZMZZZX,3
520527,赫章县,HZX,3
520600,铜仁市,TRS,2
520601,市辖区,SXQ,3
520602,碧江区,BJQ,3
520603,万山区,WSQ,3
520621,江口县,JKX,3
520622,玉屏侗族自治县,YPTZZZX,3
520623,石阡县,SQX,3
520624,思南县,SNX,3
520625,印江土家族苗族自治县,YJTJZMZZZX,3
520626,德江县,DJX,3
520627,沿河土家族自治县,YHTJZZZX,3
520628,松桃苗族自治县,STMZZZX,3
522300,黔西南布依族苗族自治州,QXNBYZMZZZZ,2
522301,兴义市,XYS,3
522322,兴仁县,XRX,3
522323,普安县,PAX,3
522324,晴隆县,QLX,3
522325,贞丰县,ZFX,3
522326,望谟县,WMX,3
522327,册亨县,CHX,3
522328,安龙县,ALX,3
522600,黔东南苗族侗族自治州,QDNMZTZZZZ,2
522601,凯里市,KLS,3
522622,黄平县,HPX,3
522623,施秉县,SBX,3
522624,三穗县,SSX,3
522625,镇远县,ZYX,3
522626,岑巩县,CGX,3
522627,天柱县,TZX,3
522628,锦屏县,JPX,3
522629,剑河县,JHX,3
522630,台江县,TJX,3
522631,黎平县,LPX,3
522632,榕江县,RJX,3
522633,从江县,CJX,3
522634,雷山县,LSX,3
522635,麻江县,MJX,3
522636,丹寨县,DZX,3
522700,黔南布依族苗族自治州,QNBYZMZZZZ,2
522701,都匀市,DYS,3
522702,福泉市,FQS,3
522722,荔波县,LBX,3
522723,贵定县,GDX,3
522725,瓮安县,WAX,3
522726,独山县,DSX,3
522727,平塘县,PTX,3
522728,罗甸县,LDX,3
522729,长顺县,CSX,3
522730,龙里县,LLX,3
522731,惠水县,HSX,3
522732,三都水族自治县,SDSZZZX,3
530000,云南省,YNS,1
530100,昆明市,KMS,2
530101,市辖区,SXQ,3
530102,五华区,WHQ,3
530103,盘龙区,PLQ,3
530111,官渡区,GDQ,3
530112,西山区,XSQ,3
530113,东川区,DCQ,3
530114,呈贡区,CGQ,3
530122,晋宁县,JNX,3
530124,富民县,FMX,3
530125,宜良县,YLX,3
530126,石林彝族自治县,SLYZZZX,3
530127,嵩明县,SMX,3
530128,禄劝彝族苗族自治县,LQYZMZZZX,3
530129,寻甸回族彝族自治县,XDHZYZZZX,3
530181,安宁市,ANS,3
530300,曲靖市,QJS,2
530301,市辖区,SXQ,3
530302,麒麟区,QLQ,3
530321,马龙县,MLX,3
530322,陆良县,LLX,3
530323,师宗县,SZX,3
530324,罗平县,LPX,3
530325,富源县,FYX,3
530326,会泽县,HZX,3
530328,沾益县,ZYX,3
530381,宣威市,XWS,3
530400,玉溪市,YXS,2
530401,市辖区,SXQ,3
530402,红塔区,HTQ,3
530421,江川县,JCX,3
530422,澄江县,CJX,3
530423,通海县,THX,3
530424,华宁县,HNX,3
530425,易门县,YMX,3
530426,峨山彝族自治县,ESYZZZX,3
530427,新平彝族傣族自治县,XPYZDZZZX,3
530428,元江哈尼族彝族傣族自治县,YJHNZYZDZZZX,3
530500,保山市,BSS,2
530501,市辖区,SXQ,3
530502,隆阳区,LYQ,3
530521,施甸县,SDX,3
530523,龙陵县,LLX,3
530524,昌宁县,CNX,3
530581,腾冲市,TCS,3
530600,昭通市,ZTS,2
530601,市辖区,SXQ,3
530602,昭阳区,ZYQ,3
530621,鲁甸县,LDX,3
530622,巧家县,QJX,3
530623,盐津县,YJX,3
530624,大关县,DGX,3
530625,永善县,YSX,3
530626,绥江县,SJX,3
530627,镇雄县,ZXX,3
530628,彝良县,YLX,3
530629,威信县,WXX,3
530630,水富县,SFX,3
530700,丽江市,LJS,2
530701,市辖区,SXQ,3
530702,古城区,GCQ,3
530721,玉龙纳西族自治县,YLNXZZZX,3
530722,永胜县,YSX,3
530723,华坪县,HPX,3
530724,宁蒗彝族自治县,NLYZZZX,3
530800,普洱市,PES,2
530801,市辖区,SXQ,3
530802,思茅区,SMQ,3
530821,宁洱哈尼族彝族自治县,NEHNZYZZZX,3
530822,墨江哈尼族自治县,MJHNZZZX,3
530823,景东彝族自治县,JDYZZZX,3
530824,景谷傣族彝族自治县,JGDZYZZZX,3
530825,镇沅彝族哈尼族拉祜族自治县,ZYYZHNZLHZZZX,3
530826,江城哈尼族彝族自治县,JCHNZYZZZX,3
530827,孟连傣族拉祜族佤族自治县,MLDZLHZWZZZX,3
530828,澜沧拉祜族自治县,LCLHZZZX,3
530829,西盟佤族自治县,XMWZZZX,3
530900,临沧市,LCS,2
530901,市辖区,SXQ,3
530902,临翔区,LXQ,3
530921,凤庆县,FQX,3
530922,云县,YX,3
530923,永德县,YDX,3
530924,镇康县,ZKX,3
530925,双江拉祜族佤族布朗族傣族自治县,SJLHZWZBLZDZZZX,3
530926,耿马傣族佤族自治县,GMDZWZZZX,3
530927,沧源佤族自治县,CYWZZZX,3
532300,楚雄彝族自治州,CXYZZZZ,2
532301,楚雄市,CXS,3
532322,双柏县,SBX,3
532323,牟定县,MDX,3
532324,南华县,NHX,3
532325,姚安县,YAX,3
532326,大姚县,DYX,3
532327,永仁县,YRX,3
532328,元谋县,YMX,3
532329,武定县,WDX,3
532331,禄丰县,LFX,3
532500,红河哈尼族彝族自治州,HHHNZYZZZZ,2
532501,个旧市,GJS,3
532502,开远市,KYS,3
532503,蒙自市,MZS,3
532504,弥勒市,MLS,3
532523,屏边苗族自治县,PBMZZZX,3
532524,建水县,JSX,3
532525,石屏县,SPX,3
532527,泸西县,LXX,3
532528,元阳县,YYX,3
532529,红河县,HHX,3
532530,金平苗族瑶族傣族自治县,JPMZYZDZZZX,3
532531,绿春县,LCX,3
532532,河口瑶族自治县,HKYZZZX,3
532600,文山壮族苗族自治州,WSZZMZZZZ,2
532601,文山市,WSS,3
532622,砚山县,YSX,3
532623,西畴县,XCX,3
532624,麻栗坡县,MLPX,3
532625,马关县,MGX,3
532626,丘北县,QBX,3
532627,广南县,GNX,3
532628,富宁县,FNX,3
532800,西双版纳傣族自治州,XSBNDZZZZ,2
532801,景洪市,JHS,3
532822,勐海县,MHX,3
532823,勐腊县,MLX,3
532900,大理白族自治州,DLBZZZZ,2
532901,大理市,DLS,3
532922,漾濞彝族自治县,YPYZZZX,3
532923,祥云县,XYX,3
532924,宾川县,BCX,3
532925,弥渡县,MDX,3
532926,南涧彝族自治县,NJYZZZX,3
532927,巍山彝族回族自治县,WSYZHZZZX,3
532928,永平县,YPX,3
532929,云龙县,YLX,3
532930,洱源县,EYX,3
532931,剑川县,JCX,3
532932,鹤庆县,HQX,3
533100,德宏傣族景颇族自治州,DHDZJPZZZZ,2
533102,瑞丽市,RLS,3
533103,芒市,MS,3
533122,梁河县,LHX,3
533123,盈江县,YJX,3
533124,陇川县,LCX,3
533300,怒江傈僳族自治州,NJLSZZZZ,2
533321,泸水县,LSX,3
533323,福贡县,FGX,3
533324,贡山独龙族怒族自治县,GSDLZNZZZX,3
533325,兰坪白族普米族自治县,LPBZPMZZZX,3
533400,迪庆藏族自治州,DQCZZZZ,2
533401,香格里拉市,XGLLS,3
533422,德钦县,DQX,3
533423,维西傈僳族自治县,WXLSZZZX,3
540000,西藏自治区,XCZZQ,1
540100,拉萨市,LSS,2
540101,市辖区,SXQ,3
540102,城关区,CGQ,3
540121,林周县,LZX,3
540122,当雄县,DXX,3
540123,尼木县,NMX,3
540124,曲水县,QSX,3
540125,堆龙德庆县,DLDQX,3
540126,达孜县,DZX,3
540127,墨竹工卡县,MZGQX,3
540200,日喀则市,RKZS,2
540202,桑珠孜区,SZZQ,3
540221,南木林县,NMLX,3
540222,江孜县,JZX,3
540223,定日县,DRX,3
540224,萨迦县,SJX,3
540225,拉孜县,LZX,3
540226,昂仁县,ARX,3
540227,谢通门县,XTMX,3
540228,白朗县,BLX,3
540229,仁布县,RBX,3
540230,康马县,KMX,3
540231,定结县,DJX,3
540232,仲巴县,ZBX,3
540233,亚东县,YDX,3
540234,吉隆县,JLX,3
540235,聂拉木县,NLMX,3
540236,萨嘎县,SGX,3
540237,岗巴县,GBX,3
540300,昌都市,CDS,2
540302,卡若区,QRQ,3
540321,江达县,JDX,3
540322,贡觉县,GJX,3
540323,类乌齐县,LWQX,3
540324,丁青县,DQX,3
540325,察雅县,CYX,3
540326,八宿县,BSX,3
540327,左贡县,ZGX,3
540328,芒康县,MKX,3
540329,洛隆县,LLX,3
540330,边坝县,BBX,3
540400,林芝市,LZS,2
540402,巴宜区,BYQ,3
540421,工布江达县,GBJDX,3
540422,米林县,MLX,3
540423,墨脱县,MTX,3
540424,波密县,BMX,3
540425,察隅县,CYX,3
540426,朗县,LX,3
542200,山南地区,SNDQ,2
542221,乃东县,NDX,3
542222,扎囊县,ZNX,3
542223,贡嘎县,GGX,3
542224,桑日县,SRX,3
542225,琼结县,QJX,3
542226,曲松县,QSX,3
542227,措美县,CMX,3
542228,洛扎县,LZX,3
542229,加查县,JCX,3
542231,隆子县,LZX,3
542232,错那县,CNX,3
542233,浪卡子县,LQZX,3
542400,那曲地区,NQDQ,2
542421,那曲县,NQX,3
542422,嘉黎县,JLX,3
542423,比如县,BRX,3
542424,聂荣县,NRX,3
542425,安多县,ADX,3
542426,申扎县,SZX,3
542427,索县,SX,3
542428,班戈县,BGX,3
542429,巴青县,BQX,3
542430,尼玛县,NMX,3
542431,双湖县,SHX,3
542500,阿里地区,ALDQ,2
542521,普兰县,PLX,3
542522,札达县,ZDX,3
542523,噶尔县,GEX,3
542524,日土县,RTX,3
542525,革吉县,GJX,3
542526,改则县,GZX,3
542527,措勤县,CQX,3
610000,陕西省,SXS,1
610100,西安市,XAS,2
610101,市辖区,SXQ,3
610102,新城区,XCQ,3
610103,碑林区,BLQ,3
610104,莲湖区,LHQ,3
610111,灞桥区,BQQ,3
610112,未央区,WYQ,3
610113,雁塔区,YTQ,3
610114,阎良区,YLQ,3
610115,临潼区,LTQ,3
610116,长安区,CAQ,3
610117,高陵区,GLQ,3
610122,蓝田县,LTX,3
610124,周至县,ZZX,3
610125,户县,HX,3
610200,铜川市,TCS,2
610201,市辖区,SXQ,3
610202,王益区,WYQ,3
610203,印台区,YTQ,3
610204,耀州区,YZQ,3
610222,宜君县,YJX,3
610300,宝鸡市,BJS,2
610301,市辖区,SXQ,3
610302,渭滨区,WBQ,3
610303,金台区,JTQ,3
610304,陈仓区,CCQ,3
610322,凤翔县,FXX,3
610323,岐山县,QSX,3
610324,扶风县,FFX,3
610326,眉县,MX,3
610327,陇县,LX,3
610328,千阳县,QYX,3
610329,麟游县,LYX,3
610330,凤县,FX,3
610331,太白县,TBX,3
610400,咸阳市,XYS,2
610401,市辖区,SXQ,3
610402,秦都区,QDQ,3
610403,杨陵区,YLQ,3
610404,渭城区,WCQ,3
610422,三原县,SYX,3
610423,泾阳县,JYX,3
610424,乾县,GX,3
610425,礼泉县,LQX,3
610426,永寿县,YSX,3
610427,彬县,BX,3
610428,长武县,CWX,3
610429,旬邑县,XYX,3
610430,淳化县,CHX,3
610431,武功县,WGX,3
610481,兴平市,XPS,3
610500,渭南市,WNS,2
610501,市辖区,SXQ,3
610502,临渭区,LWQ,3
610521,华县,HX,3
610522,潼关县,TGX,3
610523,大荔县,DLX,3
610524,合阳县,HYX,3
610525,澄城县,CCX,3
610526,蒲城县,PCX,3
610527,白水县,BSX,3
610528,富平县,FPX,3
610581,韩城市,HCS,3
610582,华阴市,HYS,3
610600,延安市,YAS,2
610601,市辖区,SXQ,3
610602,宝塔区,BTQ,3
610621,延长县,YCX,3
610622,延川县,YCX,3
610623,子长县,ZCX,3
610624,安塞县,ASX,3
610625,志丹县,ZDX,3
610626,吴起县,WQX,3
610627,甘泉县,GQX,3
610628,富县,FX,3
610629,洛川县,LCX,3
610630,宜川县,YCX,3
610631,黄龙县,HLX,3
610632,黄陵县,HLX,3
610700,汉中市,HZS,2
610701,市辖区,SXQ,3
610702,汉台区,HTQ,3
610721,南郑县,NZX,3
610722,城固县,CGX,3
610723,洋县,YX,3
610724,西乡县,XXX,3
610725,勉县,MX,3
610726,宁强县,NQX,3
610727,略阳县,LYX,3
610728,镇巴县,ZBX,3
610729,留坝县,LBX,3
610730,佛坪县,FPX,3
610800,榆林市,YLS,2
610801,市辖区,SXQ,3
610802,榆阳区,YYQ,3
610821,神木县,SMX,3
610822,府谷县,FGX,3
610823,横山县,HSX,3
610824,靖边县,JBX,3
610825,定边县,DBX,3
610826,绥德县,SDX,3
610827,米脂县,MZX,3
610828,佳县,JX,3
610829,吴堡县,WBX,3
610830,清涧县,QJX,3
610831,子洲县,ZZX,3
610900,安康市,AKS,2
610901,市辖区,SXQ,3
610902,汉滨区,HBQ,3
610921,汉阴县,HYX,3
610922,石泉县,SQX,3
610923,宁陕县,NSX,3
610924,紫阳县,ZYX,3
610925,岚皋县,LGX,3
610926,平利县,PLX,3
610927,镇坪县,ZPX,3
610928,旬阳县,XYX,3
610929,白河县,BHX,3
611000,商洛市,SLS,2
611001,市辖区,SXQ,3
611002,商州区,SZQ,3
611021,洛南县,LNX,3
611022,丹凤县,DFX,3
611023,商南县,SNX,3
611024,山阳县,SYX,3
611025,镇安县,ZAX,3
611026,柞水县,ZSX,3
620000,甘肃省,GSS,1
620100,兰州市,LZS,2
620101,市辖区,SXQ,3
620102,城关区,CGQ,3
620103,七里河区,QLHQ,3
620104,西固区,XGQ,3
620105,安宁区,ANQ,3
620111,红古区,HGQ,3
620121,永登县,YDX,3
620122,皋兰县,GLX,3
620123,榆中县,YZX,3
620200,嘉峪关市,JYGS,2
620201,市辖区,SXQ,3
620300,金昌市,JCS,2
620301,市辖区,SXQ,3
620302,金川区,JCQ,3
620321,永昌县,YCX,3
620400,白银市,BYS,2
620401,市辖区,SXQ,3
620402,白银区,BYQ,3
620403,平川区,PCQ,3
620421,靖远县,JYX,3
620422,会宁县,HNX,3
620423,景泰县,JTX,3
620500,天水市,TSS,2
620501,市辖区,SXQ,3
620502,秦州区,QZQ,3
620503,麦积区,MJQ,3
620521,清水县,QSX,3
620522,秦安县,QAX,3
620523,甘谷县,GGX,3
620524,武山县,WSX,3
620525,张家川回族自治县,ZJCHZZZX,3
620600,武威市,WWS,2
620601,市辖区,SXQ,3
620602,凉州区,LZQ,3
620621,民勤县,MQX,3
620622,古浪县,GLX,3
620623,天祝藏族自治县,TZCZZZX,3
620700,张掖市,ZYS,2
620701,市辖区,SXQ,3
620702,甘州区,GZQ,3
620721,肃南裕固族自治县,SNYGZZZX,3
620722,民乐县,MLX,3
620723,临泽县,LZX,3
620724,高台县,GTX,3
620725,山丹县,SDX,3
620800,平凉市,PLS,2
620801,市辖区,SXQ,3
620802,崆峒区,KTQ,3
620821,泾川县,JCX,3
620822,灵台县,LTX,3
620823,崇信县,CXX,3
620824,华亭县,HTX,3
620825,庄浪县,ZLX,3
620826,静宁县,JNX,3
620900,酒泉市,JQS,2
620901,市辖区,SXQ,3
620902,肃州区,SZQ,3
620921,金塔县,JTX,3
620922,瓜州县,GZX,3
620923,肃北蒙古族自治县,SBMGZZZX,3
620924,阿克塞哈萨克族自治县,AKSHSKZZZX,3
620981,玉门市,YMS,3
620982,敦煌市,DHS,3
621000,庆阳市,QYS,2
621001,市辖区,SXQ,3
621002,西峰区,XFQ,3
621021,庆城县,QCX,3
621022,环县,HX,3
621023,华池县,HCX,3
621024,合水县,HSX,3
621025,正宁县,ZNX,3
621026,宁县,NX,3
621027,镇原县,ZYX,3
621100,定西市,DXS,2
621101,市辖区,SXQ,3
621102,安定区,ADQ,3
621121,通渭县,TWX,3
621122,陇西县,LXX,3
621123,渭源县,WYX,3
621124,临洮县,LTX,3
621125,漳县,ZX,3
621126,岷县,MX,3
621200,陇南市,LNS,2
621201,市辖区,SXQ,3
621202,武都区,WDQ,3
621221,成县,CX,3
621222,文县,WX,3
621223,宕昌县,DCX,3
621224,康县,KX,3
621225,西和县,XHX,3
621226,礼县,LX,3
621227,徽县,HX,3
621228,两当县,LDX,3
622900,临夏回族自治州,LXHZZZZ,2
622901,临夏市,LXS,3
622921,临夏县,LXX,3
622922,康乐县,KLX,3
622923,永靖县,YJX,3
622924,广河县,GHX,3
622925,和政县,HZX,3
622926,东乡族自治县,DXZZZX,3
622927,积石山保安族东乡族撒拉族自治县,JSSBAZDXZSLZZZX,3
623000,甘南藏族自治州,GNCZZZZ,2
623001,合作市,HZS,3
623021,临潭县,LTX,3
623022,卓尼县,ZNX,3
623023,舟曲县,ZQX,3
623024,迭部县,DBX,3
623025,玛曲县,MQX,3
623026,碌曲县,LQX,3
623027,夏河县,XHX,3
630000,青海省,QHS,1
630100,西宁市,XNS,2
630101,市辖区,SXQ,3
630102,城东区,CDQ,3
630103,城中区,CZQ,3
630104,城西区,CXQ,3
630105,城北区,CBQ,3
630121,大通回族土族自治县,DTHZTZZZX,3
630122,湟中县,HZX,3
630123,湟源县,HYX,3
630200,海东市,HDS,2
630202,乐都区,LDQ,3
630203,平安区,PAQ,3
630222,民和回族土族自治县,MHHZTZZZX,3
630223,互助土族自治县,HZTZZZX,3
630224,化隆回族自治县,HLHZZZX,3
630225,循化撒拉族自治县,XHSLZZZX,3
632200,海北藏族自治州,HBCZZZZ,2
632221,门源回族自治县,MYHZZZX,3
632222,祁连县,QLX,3
632223,海晏县,HYX,3
632224,刚察县,GCX,3
632300,黄南藏族自治州,HNCZZZZ,2
632321,同仁县,TRX,3
632322,尖扎县,JZX,3
632323,泽库县,ZKX,3
632324,河南蒙古族自治县,HNMGZZZX,3
632500,海南藏族自治州,HNCZZZZ,2
632521,共和县,GHX,3
632522,同德县,TDX,3
632523,贵德县,GDX,3
632524,兴海县,XHX,3
632525,贵南县,GNX,3
632600,果洛藏族自治州,GLCZZZZ,2
632621,玛沁县,MQX,3
632622,班玛县,BMX,3
632623,甘德县,GDX,3
632624,达日县,DRX,3
632625,久治县,JZX,3
632626,玛多县,MDX,3
632700,玉树藏族自治州,YSCZZZZ,2
632701,玉树市,YSS,3
632722,杂多县,ZDX,3
632723,称多县,CDX,3
632724,治多县,ZDX,3
632725,囊谦县,NQX,3
632726,曲麻莱县,QMLX,3
632800,海西蒙古族藏族自治州,HXMGZCZZZZ,2
632801,格尔木市,GEMS,3
632802,德令哈市,DLHS,3
632821,乌兰县,WLX,3
632822,都兰县,DLX,3
632823,天峻县,TJX,3
640000,宁夏回族自治区,NXHZZZQ,1
640100,银川市,YCS,2
640101,市辖区,SXQ,3
640104,兴庆区,XQQ,3
640105,西夏区,XXQ,3
640106,金凤区,JFQ,3
640121,永宁县,YNX,3
640122,贺兰县,HLX,3
640181,灵武市,LWS,3
640200,石嘴山市,SZSS,2
640201,市辖区,SXQ,3
640202,大武口区,DWKQ,3
640205,惠农区,HNQ,3
640221,平罗县,PLX,3
640300,吴忠市,WZS,2
640301,市辖区,SXQ,3
640302,利通区,LTQ,3
640303,红寺堡区,HSBQ,3
640323,盐池县,YCX,3
640324,同心县,TXX,3
640381,青铜峡市,QTXS,3
640400,固原市,GYS,2
640401,市辖区,SXQ,3
640402,原州区,YZQ,3
640422,西吉县,XJX,3
640423,隆德县,LDX,3
640424,泾源县,JYX,3
640425,彭阳县,PYX,3
640500,中卫市,ZWS,2
640501,市辖区,SXQ,3
640502,沙坡头区,SPTQ,3
640521,中宁县,ZNX,3
640522,海原县,HYX,3
650000,新疆维吾尔自治区,XJWWEZZQ,1
650100,乌鲁木齐市,WLMQS,2
650101,市辖区,SXQ,3
650102,天山区,TSQ,3
650103,沙依巴克区,SYBKQ,3
650104,新市区,XSQ,3
650105,水磨沟区,SMGQ,3
650106,头屯河区,TTHQ,3
650107,达坂城区,DBCQ,3
650109,米东区,MDQ,3
650121,乌鲁木齐县,WLMQX,3
650200,克拉玛依市,KLMYS,2
650201,市辖区,SXQ,3
650202,独山子区,DSZQ,3
650203,克拉玛依区,KLMYQ,3
650204,白碱滩区,BJTQ,3
650205,乌尔禾区,WEHQ,3
650400,吐鲁番市,TLFS,2
650402,高昌区,GCQ,3
650421,鄯善县,SSX,3
650422,托克逊县,TKXX,3
652200,哈密地区,HMDQ,2
652201,哈密市,HMS,3
652222,巴里坤哈萨克自治县,BLKHSKZZX,3
652223,伊吾县,YWX,3
652300,昌吉回族自治州,CJHZZZZ,2
652301,昌吉市,CJS,3
652302,阜康市,FKS,3
652323,呼图壁县,HTBX,3
652324,玛纳斯县,MNSX,3
652325,奇台县,QTX,3
652327,吉木萨尔县,JMSEX,3
652328,木垒哈萨克自治县,MLHSKZZX,3
652700,博尔塔拉蒙古自治州,BETLMGZZZ,2
652701,博乐市,BLS,3
652702,阿拉山口市,ALSKS,3
652722,精河县,JHX,3
652723,温泉县,WQX,3
652800,巴音郭楞蒙古自治州,BYGLMGZZZ,2
652801,库尔勒市,KELS,3
652822,轮台县,LTX,3
652823,尉犁县,WLX,3
652824,若羌县,RQX,3
652825,且末县,QMX,3
652826,焉耆回族自治县,YQHZZZX,3
652827,和静县,HJX,3
652828,和硕县,HSX,3
652829,博湖县,BHX,3
652900,阿克苏地区,AKSDQ,2
652901,阿克苏市,AKSS,3
652922,温宿县,WSX,3
652923,库车县,KCX,3
652924,沙雅县,SYX,3
652925,新和县,XHX,3
652926,拜城县,BCX,3
652927,乌什县,WSX,3
652928,阿瓦提县,AWTX,3
652929,柯坪县,KPX,3
653000,克孜勒苏柯尔克孜自治州,KZLSKEKZZZZ,2
653001,阿图什市,ATSS,3
653022,阿克陶县,AKTX,3
653023,阿合奇县,AHQX,3
653024,乌恰县,WQX,3
653100,喀什地区,KSDQ,2
653101,喀什市,KSS,3
653121,疏附县,SFX,3
653122,疏勒县,SLX,3
653123,英吉沙县,YJSX,3
653124,泽普县,ZPX,3
653125,莎车县,SCX,3
653126,叶城县,YCX,3
653127,麦盖提县,MGTX,3
653128,岳普湖县,YPHX,3
653129,伽师县,QSX,3
653130,巴楚县,BCX,3
653131,塔什库尔干塔吉克自治县,TSKEGTJKZZX,3
653200,和田地区,HTDQ,2
653201,和田市,HTS,3
653221,和田县,HTX,3
653222,墨玉县,MYX,3
653223,皮山县,PSX,3
653224,洛浦县,LPX,3
653225,策勒县,CLX,3
653226,于田县,YTX,3
653227,民丰县,MFX,3
654000,伊犁哈萨克自治州,YLHSKZZZ,2
654002,伊宁市,YNS,3
654003,奎屯市,KTS,3
654004,霍尔果斯市,HEGSS,3
654021,伊宁县,YNX,3
654022,察布查尔锡伯自治县,CBCEXBZZX,3
654023,霍城县,HCX,3
654024,巩留县,GLX,3
654025,新源县,XYX,3
654026,昭苏县,ZSX,3
654027,特克斯县,TKSX,3
654028,尼勒克县,NLKX,3
654200,塔城地区,TCDQ,2
654201,塔城市,TCS,3
654202,乌苏市,WSS,3
654221,额敏县,EMX,3
654223,沙湾县,SWX,3
654224,托里县,TLX,3
654225,裕民县,YMX,3
654226,和布克赛尔蒙古自治县,HBKSEMGZZX,3
654300,阿勒泰地区,ALTDQ,2
654301,阿勒泰市,ALTS,3
654321,布尔津县,BEJX,3
654322,富蕴县,FYX,3
654323,福海县,FHX,3
654324,哈巴河县,HBHX,3
654325,青河县,QHX,3
654326,吉木乃县,JMNX,3
659000,自治区直辖县级行政区划,ZZQZXXJXZQH,2
659001,石河子市,SHZS,3
659002,阿拉尔市,ALES,3
659003,图木舒克市,TMSKS,3
659004,五家渠市,WJQS,3
710000,台湾省,TWS,1
810000,香港特别行政区,XGTBXZQ,1
820000,澳门特别行政区,AMTBXZQ,1
